type,qual_threshold,recall,precision
SNP,0,0.994196,0.991736
SNP,30.64,0.994196,0.991736
SNP,31.64,0.99414,0.991804
SNP,32.64,0.994112,0.99186
SNP,33.48,0.994084,0.991929
SNP,34.49,0.994028,0.991956
SNP,35.48,0.994,0.992039
SNP,36.64,0.993958,0.992066
SNP,37.32,0.993916,0.992108
SNP,38.32,0.993832,0.992302
SNP,39.32,0.993818,0.992385
SNP,40.32,0.993804,0.992412
SNP,41.04,0.993748,0.992593
SNP,41.64,0.993748,0.992593
SNP,42.16,0.993664,0.992787
SNP,42.9,0.993607,0.992828
SNP,43.64,0.993607,0.992828
SNP,44.32,0.993467,0.993022
SNP,45.02,0.993369,0.993105
SNP,45.64,0.993369,0.993105
SNP,46.31,0.993313,0.993146
SNP,47.32,0.993285,0.993243
SNP,48.04,0.993243,0.99334
SNP,48.64,0.993243,0.99334
SNP,49.32,0.993201,0.993438
SNP,50.32,0.993075,0.993576
SNP,50.84,0.993033,0.99359
SNP,51.64,0.993033,0.99359
SNP,52.32,0.992977,0.993617
SNP,53.32,0.99278,0.993714
SNP,54.32,0.992738,0.993755
SNP,54.84,0.992598,0.993796
SNP,55.64,0.992598,0.993796
SNP,56.32,0.992472,0.993879
SNP,56.98,0.992402,0.993893
SNP,57.64,0.992388,0.993893
SNP,58.32,0.99229,0.993892
SNP,59.32,0.992234,0.993975
SNP,60.04,0.992206,0.994017
SNP,60.64,0.992206,0.994017
SNP,61.32,0.992107,0.994017
SNP,61.84,0.991967,0.994127
SNP,62.64,0.991953,0.994127
SNP,63.32,0.991827,0.994127
SNP,63.84,0.991701,0.994168
SNP,64.64,0.991701,0.994168
SNP,65.32,0.991561,0.994209
SNP,65.84,0.991392,0.994236
SNP,66.64,0.991392,0.994236
SNP,67.32,0.991308,0.994249
SNP,67.84,0.991266,0.994263
SNP,68.64,0.991266,0.994263
SNP,69.54,0.99114,0.99429
SNP,70.64,0.991112,0.99429
SNP,71.64,0.991042,0.99436
SNP,72.49,0.990972,0.994387
SNP,73.04,0.990832,0.994428
SNP,73.64,0.990832,0.994428
SNP,74.64,0.990664,0.994469
SNP,75.31,0.990481,0.994496
SNP,75.84,0.990327,0.994524
SNP,76.64,0.990327,0.994538
SNP,77.64,0.990103,0.994592
SNP,78.3,0.989935,0.994619
SNP,79,0.989878,0.994619
SNP,79.64,0.989864,0.994619
SNP,80.62,0.989654,0.994674
SNP,81.64,0.989542,0.994673
SNP,82.64,0.989416,0.994687
SNP,83.64,0.989248,0.994784
SNP,84.64,0.989093,0.994825
SNP,85.64,0.988925,0.994824
SNP,86.64,0.988799,0.994824
SNP,87.64,0.988715,0.994823
SNP,88.64,0.988589,0.994823
SNP,89.64,0.988392,0.994892
SNP,90.64,0.988238,0.994891
SNP,91.64,0.98807,0.99489
SNP,92.64,0.987846,0.994931
SNP,93.64,0.987734,0.994959
SNP,94.64,0.987509,0.994972
SNP,95.64,0.987327,0.995041
SNP,96.64,0.987145,0.995068
SNP,97.64,0.986935,0.995109
SNP,98.25,0.986752,0.995122
SNP,98.84,0.986626,0.995122
SNP,99.64,0.986626,0.995122
SNP,100.64,0.986458,0.995121
SNP,101.64,0.98622,0.995176
SNP,102.64,0.986023,0.995175
SNP,103.31,0.985841,0.995188
SNP,104.04,0.985715,0.995244
SNP,104.64,0.985715,0.995244
SNP,105.64,0.985477,0.995243
SNP,106.64,0.985308,0.995313
SNP,107.64,0.985,0.995325
SNP,108.64,0.98479,0.995338
SNP,109.48,0.984509,0.995393
SNP,110.14,0.984299,0.995435
SNP,110.66,0.984131,0.995434
SNP,111.64,0.984131,0.995434
SNP,112.64,0.983822,0.995447
SNP,113.64,0.983458,0.995488
SNP,114.25,0.983163,0.995486
SNP,115.04,0.982785,0.995484
SNP,115.64,0.982785,0.995484
SNP,116.64,0.982463,0.995511
SNP,117.64,0.982252,0.99551
SNP,118.64,0.98186,0.995508
SNP,119.25,0.981509,0.995535
SNP,119.96,0.981285,0.995534
SNP,120.64,0.981257,0.995534
SNP,121.64,0.981033,0.995533
SNP,122.64,0.980738,0.995602
SNP,123.64,0.980332,0.995615
SNP,124.64,0.980009,0.995628
SNP,125.64,0.979743,0.995655
SNP,126.64,0.979252,0.995681
SNP,127.53,0.978958,0.99568
SNP,128.07,0.978495,0.995735
SNP,128.64,0.978481,0.995735
SNP,129.64,0.978201,0.995762
SNP,130.52,0.977836,0.995774
SNP,131.64,0.97736,0.995815
SNP,132.64,0.977037,0.995828
SNP,133.64,0.976715,0.995826
SNP,134.64,0.976308,0.995825
SNP,135.64,0.976028,0.995838
SNP,136.64,0.975565,0.995836
SNP,137.64,0.975187,0.995848
SNP,138.64,0.974892,0.995847
SNP,139.3,0.974444,0.99586
SNP,140.04,0.973967,0.995943
SNP,140.64,0.973953,0.995943
SNP,141.64,0.973477,0.995955
SNP,142.64,0.973098,0.995954
SNP,143.18,0.972621,0.995995
SNP,144.04,0.972173,0.996007
SNP,144.64,0.972159,0.996007
SNP,145.64,0.971542,0.996019
SNP,146.64,0.971037,0.99606
SNP,147.64,0.970589,0.996058
SNP,148.26,0.970168,0.996071
SNP,148.96,0.969551,0.996068
SNP,149.64,0.969523,0.996068
SNP,150.64,0.969117,0.996081
SNP,151.55,0.968486,0.996093
SNP,152.14,0.967995,0.996105
SNP,152.65,0.967491,0.996117
SNP,153.64,0.967476,0.996117
SNP,154.64,0.966832,0.996115
SNP,155.4,0.966103,0.996169
SNP,155.96,0.965444,0.996167
SNP,156.64,0.96543,0.996167
SNP,157.64,0.964827,0.996208
SNP,158.64,0.964238,0.996321
SNP,159.64,0.963663,0.996333
SNP,160.64,0.963075,0.996331
SNP,161.64,0.962444,0.996386
SNP,162.64,0.961995,0.996385
SNP,163.64,0.961392,0.996397
SNP,164.64,0.96086,0.996438
SNP,165.64,0.960299,0.996436
SNP,166.64,0.959556,0.996433
SNP,167.27,0.958883,0.996474
SNP,168.03,0.958322,0.996487
SNP,168.64,0.958322,0.996487
SNP,169.63,0.957579,0.996484
SNP,170.64,0.95699,0.996511
SNP,171.64,0.95629,0.996509
SNP,172.64,0.955547,0.99655
SNP,173.64,0.954761,0.996561
SNP,174.64,0.954075,0.996559
SNP,175.64,0.953444,0.9966
SNP,176.23,0.952729,0.996671
SNP,176.97,0.95207,0.996683
SNP,177.64,0.952056,0.996683
SNP,178.47,0.951453,0.996681
SNP,179.02,0.950654,0.996678
SNP,179.64,0.950654,0.996678
SNP,180.63,0.950107,0.996691
SNP,181.64,0.949336,0.996688
SNP,182.64,0.948425,0.996685
SNP,183.63,0.947822,0.996698
SNP,184.64,0.946967,0.996695
SNP,185.64,0.946154,0.996722
SNP,186.64,0.945509,0.996719
SNP,187.64,0.944752,0.996761
SNP,188.64,0.943799,0.996846
SNP,189.64,0.943028,0.996858
SNP,190.64,0.942173,0.9969
SNP,191.64,0.941261,0.996912
SNP,192.64,0.940462,0.996924
SNP,193.64,0.939733,0.996936
SNP,194.64,0.938724,0.996978
SNP,195.64,0.937827,0.99699
SNP,196.64,0.937042,0.996987
SNP,197.64,0.936173,0.997014
SNP,198.64,0.935205,0.997011
SNP,199.49,0.934308,0.997008
SNP,200.05,0.933285,0.997094
SNP,200.64,0.933285,0.997094
SNP,201.61,0.932359,0.997092
SNP,202.64,0.93135,0.997088
SNP,203.59,0.930383,0.99716
SNP,204.64,0.929303,0.997157
SNP,205.64,0.928182,0.997184
SNP,206.64,0.927201,0.997241
SNP,207.64,0.926233,0.997238
SNP,208.64,0.925392,0.997235
SNP,209.64,0.924467,0.997233
SNP,210.64,0.923289,0.997229
SNP,211.64,0.922308,0.997241
SNP,212.64,0.92099,0.997253
SNP,213.64,0.919869,0.997249
SNP,214.64,0.918719,0.997246
SNP,215.64,0.91764,0.997288
SNP,216.64,0.916518,0.9973
SNP,217.64,0.915481,0.997297
SNP,218.64,0.914233,0.997339
SNP,219.64,0.91328,0.997352
SNP,220.64,0.91213,0.997363
SNP,221.64,0.910729,0.997436
SNP,222.62,0.909565,0.997448
SNP,223.64,0.908373,0.99746
SNP,224.64,0.907028,0.997502
SNP,225.64,0.906257,0.9975
SNP,226.32,0.905107,0.997528
SNP,227.02,0.903873,0.997555
SNP,227.64,0.903873,0.997555
SNP,228.64,0.902584,0.997552
SNP,229.64,0.901364,0.997549
SNP,230.64,0.900243,0.997546
SNP,231.64,0.898925,0.997542
SNP,232.64,0.897649,0.997539
SNP,233.64,0.896542,0.997582
SNP,234.64,0.895308,0.997579
SNP,235.64,0.893822,0.997575
SNP,236.64,0.892504,0.997603
SNP,237.64,0.891453,0.9976
SNP,238.63,0.890233,0.997596
SNP,239.64,0.888747,0.997592
SNP,240.64,0.887528,0.997589
SNP,241.64,0.885971,0.997601
SNP,242.64,0.884471,0.997612
SNP,243.64,0.883056,0.99764
SNP,244.64,0.881738,0.997637
SNP,245.64,0.880182,0.997664
SNP,246.64,0.878682,0.99766
SNP,247.64,0.87714,0.997672
SNP,248.64,0.875485,0.997668
SNP,249.38,0.874266,0.997696
SNP,250.01,0.87292,0.997709
SNP,250.64,0.87292,0.997709
SNP,251.64,0.871308,0.997737
SNP,252.64,0.869864,0.997733
SNP,253.64,0.86828,0.997729
SNP,254.64,0.86678,0.997725
SNP,255.56,0.865462,0.997721
SNP,256.64,0.864284,0.997718
SNP,257.64,0.862672,0.997746
SNP,258.64,0.861158,0.997742
SNP,259.31,0.859504,0.997738
SNP,260.02,0.857878,0.99775
SNP,260.64,0.857878,0.99775
SNP,261.64,0.85649,0.997746
SNP,262.64,0.85485,0.997775
SNP,263.64,0.853224,0.997787
SNP,264.64,0.851976,0.9978
SNP,265.64,0.850714,0.997797
SNP,266.64,0.84899,0.997809
SNP,267.64,0.847294,0.997821
SNP,268.17,0.845541,0.997816
SNP,268.97,0.843985,0.997812
SNP,269.62,0.843971,0.997812
SNP,270.64,0.842205,0.997824
SNP,271.64,0.840747,0.99782
SNP,272.64,0.839205,0.997816
SNP,273.16,0.837719,0.997829
SNP,274.04,0.836205,0.997825
SNP,274.64,0.836191,0.997825
SNP,275.64,0.834677,0.997821
SNP,276.64,0.833093,0.997817
SNP,277.64,0.831523,0.997813
SNP,278.64,0.829868,0.997826
SNP,279.64,0.828326,0.997838
SNP,280.64,0.8267,0.997834
SNP,281.64,0.824948,0.997846
SNP,282.64,0.823336,0.997842
SNP,283.64,0.821836,0.997838
SNP,284.64,0.820097,0.997834
SNP,285.64,0.818289,0.997846
SNP,286.64,0.816761,0.997842
SNP,287.64,0.815023,0.997855
SNP,288.64,0.813368,0.997867
SNP,289.64,0.811686,0.99788
SNP,290.19,0.80999,0.997876
SNP,291.02,0.808546,0.997872
SNP,291.64,0.808546,0.997872
SNP,292.64,0.80699,0.997868
SNP,293.64,0.805013,0.99788
SNP,294.31,0.803191,0.997893
SNP,295.05,0.801536,0.997888
SNP,295.64,0.801522,0.997888
SNP,296.64,0.799476,0.997883
SNP,297.64,0.797625,0.997878
SNP,298.42,0.796111,0.997874
SNP,299.05,0.794036,0.997868
SNP,299.64,0.793994,0.997868
SNP,300.17,0.792256,0.997864
SNP,300.99,0.790812,0.99786
SNP,301.64,0.790714,0.997859
SNP,302.64,0.78913,0.997873
SNP,303.64,0.787363,0.997868
SNP,304.64,0.785639,0.997863
SNP,305.64,0.783887,0.997894
SNP,306.64,0.782078,0.997889
SNP,307.64,0.780298,0.997884
SNP,308.64,0.778223,0.997897
SNP,309.64,0.776611,0.997892
SNP,310.64,0.774971,0.997888
SNP,311.64,0.773289,0.997883
SNP,312.64,0.771775,0.997879
SNP,313.64,0.769826,0.997874
SNP,314.64,0.767821,0.997887
SNP,315.64,0.765873,0.997881
SNP,316.64,0.764317,0.997877
SNP,317.64,0.762606,0.997909
SNP,318.64,0.760952,0.997904
SNP,319.64,0.759102,0.997899
SNP,320.64,0.757321,0.997913
SNP,321.64,0.755793,0.997908
SNP,322.64,0.754069,0.997904
SNP,323.64,0.752513,0.997899
SNP,324.64,0.751013,0.997932
SNP,325.64,0.749317,0.997928
SNP,326.64,0.747564,0.997942
SNP,327.64,0.745868,0.997937
SNP,328.64,0.744102,0.997932
SNP,329.64,0.742265,0.997927
SNP,330.3,0.740078,0.997921
SNP,331.04,0.73834,0.997935
SNP,331.64,0.738312,0.997935
SNP,332.64,0.736545,0.99793
SNP,333.64,0.734793,0.997925
SNP,334.31,0.733083,0.99792
SNP,335.04,0.73098,0.997914
SNP,335.64,0.730896,0.997914
SNP,336.64,0.729116,0.997909
SNP,337.64,0.727195,0.997941
SNP,338.3,0.725036,0.997935
SNP,339.06,0.723536,0.99797
SNP,339.64,0.723508,0.99797
SNP,340.64,0.721419,0.997983
SNP,341.64,0.719443,0.997997
SNP,342.64,0.717578,0.997992
SNP,343.64,0.715559,0.997986
SNP,344.64,0.713611,0.998
SNP,345.64,0.711438,0.997994
SNP,346.64,0.709335,0.997988
SNP,347.64,0.707386,0.997983
SNP,348.64,0.70548,0.997977
SNP,349.64,0.70377,0.997972
SNP,350.64,0.701933,0.997967
SNP,351.64,0.700209,0.997962
SNP,352.64,0.698204,0.997956
SNP,353.64,0.696452,0.997951
SNP,354.64,0.694714,0.997946
SNP,355.64,0.692961,0.997941
SNP,356.64,0.690858,0.997934
SNP,357.64,0.689064,0.997949
SNP,358.64,0.687284,0.997944
SNP,359.64,0.685125,0.997938
SNP,360.64,0.683569,0.997933
SNP,361.64,0.681648,0.997948
SNP,362.64,0.679896,0.997942
SNP,363.48,0.678213,0.997937
SNP,364.06,0.676363,0.997932
SNP,364.64,0.676349,0.997932
SNP,365.64,0.674583,0.997968
SNP,366.64,0.672564,0.997961
SNP,367.53,0.670713,0.997977
SNP,368.04,0.669045,0.997993
SNP,368.64,0.669017,0.997992
SNP,369.64,0.667405,0.998009
SNP,370.64,0.665877,0.998025
SNP,371.64,0.663844,0.998019
SNP,372.64,0.661924,0.998055
SNP,373.25,0.660045,0.998071
SNP,373.84,0.658209,0.998087
SNP,374.64,0.658209,0.998087
SNP,375.64,0.65647,0.998082
SNP,376.64,0.654396,0.998097
SNP,377.56,0.652573,0.998092
SNP,378.64,0.650793,0.998087
SNP,379.3,0.6489,0.998124
SNP,380,0.646994,0.998118
SNP,380.64,0.646952,0.998118
SNP,381.64,0.645129,0.998113
SNP,382.64,0.643489,0.99813
SNP,383.64,0.641624,0.998124
SNP,384.3,0.639984,0.99812
SNP,384.81,0.638302,0.998137
SNP,385.64,0.638246,0.998136
SNP,386.64,0.636452,0.998153
SNP,387.64,0.634966,0.998149
SNP,388.64,0.633017,0.998143
SNP,389.64,0.631195,0.99816
SNP,390.64,0.62954,0.998155
SNP,391.64,0.627984,0.998151
SNP,392.64,0.626246,0.99819
SNP,393.64,0.62469,0.998208
SNP,394.49,0.622966,0.998203
SNP,395.06,0.620961,0.99822
SNP,395.64,0.620863,0.998219
SNP,396.64,0.61904,0.998214
SNP,397.64,0.617218,0.998209
SNP,398.64,0.615578,0.998204
SNP,399.64,0.613755,0.998199
SNP,400.64,0.612031,0.998194
SNP,401.64,0.61011,0.998188
SNP,402.64,0.608316,0.998183
SNP,403.63,0.606536,0.998177
SNP,404.64,0.604895,0.998172
SNP,405.34,0.603171,0.998167
SNP,405.9,0.601433,0.998208
SNP,406.64,0.601363,0.998208
SNP,407.64,0.599582,0.998203
SNP,408.64,0.597956,0.998221
SNP,409.64,0.59647,0.998217
SNP,410.64,0.594858,0.998236
SNP,411.64,0.592909,0.99823
SNP,412.64,0.591283,0.998225
SNP,413.64,0.589517,0.998243
SNP,414.64,0.587666,0.998238
SNP,415.64,0.586124,0.998233
SNP,416.64,0.584035,0.998227
SNP,417.64,0.582423,0.998222
SNP,418.64,0.580769,0.998217
SNP,419.64,0.579045,0.998212
SNP,420.64,0.577419,0.998207
SNP,421.64,0.575666,0.998225
SNP,422.64,0.573718,0.998219
SNP,423.64,0.572316,0.998215
SNP,424.64,0.570802,0.998235
SNP,425.64,0.568951,0.998229
SNP,426.49,0.567465,0.998224
SNP,427.02,0.565979,0.99822
SNP,427.64,0.565909,0.99822
SNP,428.23,0.564367,0.998215
SNP,429.01,0.562965,0.99821
SNP,429.64,0.562853,0.99821
SNP,430.64,0.561535,0.998206
SNP,431.64,0.559951,0.998201
SNP,432.64,0.558661,0.998197
SNP,433.64,0.557246,0.998192
SNP,434.49,0.555381,0.998211
SNP,435.06,0.553965,0.998207
SNP,435.64,0.553853,0.998206
SNP,436.64,0.551947,0.9982
SNP,437.64,0.550082,0.998194
SNP,438.64,0.548414,0.998188
SNP,439.64,0.54683,0.998209
SNP,440.64,0.545274,0.998204
SNP,441.64,0.543633,0.998198
SNP,442.48,0.54233,0.99822
SNP,443.06,0.5409,0.998215
SNP,443.64,0.540802,0.998215
SNP,444.64,0.538909,0.998208
SNP,445.64,0.537437,0.998203
SNP,446.64,0.536035,0.998199
SNP,447.64,0.534563,0.998194
SNP,448.64,0.533442,0.998242
SNP,449.64,0.531759,0.998237
SNP,450.64,0.530231,0.998232
SNP,451.64,0.528816,0.998227
SNP,452.48,0.527133,0.998248
SNP,453.06,0.525788,0.998243
SNP,453.64,0.525717,0.998243
SNP,454.64,0.524358,0.998265
SNP,455.25,0.522998,0.998261
SNP,456.06,0.521904,0.998284
SNP,456.64,0.521862,0.998284
SNP,457.64,0.520446,0.998279
SNP,458.53,0.519044,0.998301
SNP,459.04,0.517965,0.998298
SNP,459.64,0.517853,0.998324
SNP,460.64,0.516437,0.99832
SNP,461.64,0.514937,0.998315
SNP,462.64,0.513661,0.998311
SNP,463.64,0.512273,0.998306
SNP,464.6,0.51104,0.998302
SNP,465.64,0.509694,0.998298
SNP,466.64,0.508306,0.998293
SNP,467.64,0.507058,0.998289
SNP,468.64,0.505713,0.998284
SNP,469.64,0.504605,0.998281
SNP,470.64,0.503189,0.998276
SNP,471.64,0.501717,0.998298
SNP,472.64,0.500259,0.998293
SNP,473.64,0.498787,0.998317
SNP,474.64,0.497512,0.998312
SNP,475.64,0.49611,0.998307
SNP,476.64,0.494694,0.998331
SNP,477.64,0.493572,0.998327
SNP,478.64,0.492142,0.998351
SNP,479.64,0.490671,0.998346
SNP,480.64,0.489521,0.998342
SNP,481.64,0.488413,0.998338
SNP,482.64,0.487054,0.998333
SNP,483.64,0.485862,0.998358
SNP,484.64,0.484572,0.998354
SNP,485.64,0.483465,0.99835
SNP,486.64,0.482287,0.998346
SNP,487.64,0.481012,0.998342
SNP,488.64,0.479694,0.998424
SNP,489.64,0.47853,0.998421
SNP,490.64,0.477339,0.998417
SNP,491.64,0.476161,0.998413
SNP,492.64,0.474984,0.998409
SNP,493.64,0.473526,0.998404
SNP,494.64,0.472152,0.998399
SNP,495.64,0.471002,0.998395
SNP,496.64,0.469811,0.998391
SNP,497.64,0.468409,0.998416
SNP,498.64,0.466895,0.998411
SNP,499.64,0.465759,0.998407
SNP,500.64,0.464582,0.998403
SNP,501.64,0.463334,0.998399
SNP,502.64,0.462016,0.998394
SNP,503.64,0.46053,0.998389
SNP,504.64,0.459409,0.998385
SNP,505.64,0.458399,0.998382
SNP,506.64,0.457068,0.998377
SNP,507.64,0.455988,0.998404
SNP,508.64,0.455077,0.998401
SNP,509.64,0.453857,0.998396
SNP,510.64,0.452708,0.998392
SNP,511.64,0.451684,0.998389
SNP,512.64,0.450535,0.998385
SNP,513.64,0.449441,0.998381
SNP,514.64,0.44846,0.998377
SNP,515.64,0.447156,0.998372
SNP,516.64,0.446217,0.998369
SNP,517.64,0.445011,0.998365
SNP,518.64,0.443974,0.998361
SNP,519.64,0.443007,0.998357
SNP,520.64,0.441899,0.998385
SNP,521.64,0.440834,0.998381
SNP,522.64,0.439796,0.998377
SNP,523.56,0.438815,0.998373
SNP,524.64,0.43775,0.998401
SNP,525.64,0.436642,0.998397
SNP,526.64,0.435675,0.998394
SNP,527.64,0.434736,0.99839
SNP,528.64,0.433754,0.998387
SNP,529.64,0.432801,0.998383
SNP,530.64,0.431638,0.998379
SNP,531.64,0.430418,0.998407
SNP,532.64,0.429535,0.998403
SNP,533.64,0.428497,0.9984
SNP,534.64,0.42739,0.998395
SNP,535.64,0.42638,0.998424
SNP,536.64,0.425441,0.998421
SNP,537.64,0.424404,0.998417
SNP,538.64,0.423352,0.998413
SNP,539.64,0.422427,0.998476
SNP,540.64,0.4216,0.998473
SNP,541.64,0.420857,0.99847
SNP,542.64,0.419904,0.998467
SNP,543.64,0.418923,0.998463
SNP,544.64,0.418011,0.99846
SNP,545.27,0.417044,0.998456
SNP,546.06,0.416259,0.998453
SNP,546.64,0.416035,0.998452
SNP,547.64,0.415081,0.998449
SNP,548.64,0.414338,0.998446
SNP,549.64,0.413455,0.998443
SNP,550.64,0.41246,0.998439
SNP,551.64,0.411591,0.998504
SNP,552.64,0.410539,0.9985
SNP,553.64,0.409726,0.998497
SNP,554.64,0.408633,0.998527
SNP,555.64,0.407778,0.998593
SNP,556.64,0.406796,0.998589
SNP,557.64,0.405703,0.998585
SNP,558.64,0.40482,0.998582
SNP,559.64,0.403965,0.998614
SNP,560.31,0.403137,0.998611
SNP,561.05,0.402479,0.998609
SNP,561.64,0.402282,0.998608
SNP,562.64,0.401273,0.998605
SNP,563.64,0.400292,0.998601
SNP,564.64,0.399521,0.998598
SNP,565.64,0.398693,0.998596
SNP,566.64,0.397824,0.998592
SNP,567.64,0.397151,0.99859
SNP,568.64,0.396282,0.998587
SNP,569.64,0.395273,0.998583
SNP,570.64,0.39453,0.998581
SNP,571.64,0.393492,0.998577
SNP,572.64,0.392553,0.998574
SNP,573.64,0.39174,0.998571
SNP,574.64,0.390899,0.998567
SNP,575.64,0.390114,0.998565
SNP,576.64,0.389287,0.998562
SNP,577.64,0.388432,0.998559
SNP,578.64,0.387591,0.998555
SNP,579.64,0.386721,0.998552
SNP,580.64,0.386077,0.99855
SNP,581.64,0.385334,0.998583
SNP,582.64,0.38438,0.998616
SNP,583.64,0.383637,0.998613
SNP,584.63,0.382614,0.99861
SNP,585.64,0.381843,0.998643
SNP,586.64,0.380974,0.998677
SNP,587.64,0.380245,0.998674
SNP,588.64,0.3796,0.998672
SNP,589.64,0.378843,0.99867
SNP,590.64,0.377806,0.998666
SNP,591.64,0.37702,0.998663
SNP,592.64,0.376249,0.99866
SNP,593.64,0.375534,0.998695
SNP,594.64,0.374749,0.998692
SNP,595.64,0.374231,0.998691
SNP,596.64,0.373656,0.998689
SNP,597.64,0.373053,0.998686
SNP,598.64,0.37231,0.998684
SNP,599.64,0.371651,0.998681
SNP,600.64,0.37088,0.998679
SNP,601.64,0.370165,0.998676
SNP,602.64,0.369408,0.998673
SNP,603.64,0.368679,0.998671
SNP,604.64,0.367852,0.998706
SNP,605.64,0.367025,0.998703
SNP,606.64,0.366436,0.998701
SNP,607.64,0.365693,0.998737
SNP,608.64,0.364964,0.998734
SNP,609.64,0.36446,0.998732
SNP,610.64,0.363717,0.99873
SNP,611.64,0.362946,0.998727
SNP,612.64,0.362231,0.998725
SNP,613.64,0.361684,0.998723
SNP,614.64,0.360997,0.99872
SNP,615.64,0.360408,0.998718
SNP,616.64,0.359567,0.998715
SNP,617.2,0.358782,0.998712
SNP,618.06,0.358291,0.99871
SNP,618.64,0.358109,0.99871
SNP,619.64,0.35745,0.998747
SNP,620.64,0.356679,0.998744
SNP,621.64,0.35595,0.998781
SNP,622.64,0.355263,0.998778
SNP,623.64,0.354618,0.998776
SNP,624.64,0.354058,0.998774
SNP,625.64,0.353399,0.998811
SNP,626.64,0.352572,0.998848
SNP,627.64,0.352053,0.998847
SNP,628.64,0.351492,0.998845
SNP,629.64,0.351058,0.998843
SNP,630.64,0.350441,0.998841
SNP,631.64,0.349894,0.998839
SNP,632.64,0.349291,0.998837
SNP,633.64,0.348618,0.998835
SNP,634.64,0.348016,0.998833
SNP,635.64,0.347245,0.998831
SNP,636.64,0.34667,0.998829
SNP,637.64,0.345829,0.998826
SNP,638.64,0.345156,0.998824
SNP,639.64,0.344609,0.998862
SNP,640.64,0.344006,0.99886
SNP,641.64,0.343432,0.998858
SNP,642.64,0.342787,0.998856
SNP,643.64,0.34217,0.998854
SNP,644.64,0.341609,0.998852
SNP,645.64,0.34102,0.99885
SNP,646.64,0.340305,0.998848
SNP,647.64,0.339506,0.998845
SNP,648.64,0.338988,0.998885
SNP,649.64,0.338427,0.998883
SNP,650.64,0.337614,0.99888
SNP,651.64,0.336997,0.998878
SNP,652.64,0.336394,0.998876
SNP,653.64,0.335777,0.998874
SNP,654.64,0.33509,0.998872
SNP,655.27,0.334586,0.99887
SNP,656.06,0.334333,0.998869
SNP,656.64,0.333983,0.998868
SNP,657.64,0.333156,0.998865
SNP,658.64,0.332483,0.998863
SNP,659.64,0.331684,0.99886
SNP,660.64,0.331179,0.998858
SNP,661.64,0.330422,0.998856
SNP,662.64,0.329777,0.998854
SNP,663.64,0.329315,0.998894
SNP,664.64,0.328628,0.998892
SNP,665.64,0.327829,0.998889
SNP,666.63,0.327156,0.998887
SNP,667.64,0.326609,0.998885
SNP,668.64,0.325978,0.998883
SNP,669.64,0.325375,0.998881
SNP,670.64,0.324759,0.998879
SNP,671.64,0.324254,0.998877
SNP,672.64,0.323707,0.998875
SNP,673.64,0.323118,0.998873
SNP,674.64,0.322389,0.998871
SNP,675.64,0.321801,0.998869
SNP,676.64,0.321058,0.998866
SNP,677.64,0.320441,0.998864
SNP,678.45,0.319852,0.998862
SNP,679.04,0.319726,0.998861
SNP,679.64,0.319375,0.99886
SNP,680.64,0.318787,0.998858
SNP,681.64,0.318254,0.998856
SNP,682.64,0.317497,0.998853
SNP,683.64,0.316642,0.99885
SNP,684.64,0.316067,0.998848
SNP,685.64,0.315576,0.998846
SNP,686.64,0.314791,0.998843
SNP,687.64,0.314174,0.998841
SNP,688.64,0.3136,0.998839
SNP,689.64,0.312871,0.998836
SNP,690.64,0.312268,0.998834
SNP,691.64,0.311609,0.998832
SNP,692.64,0.310838,0.998829
SNP,693.64,0.310277,0.998827
SNP,694.64,0.309618,0.998824
SNP,695.64,0.308903,0.998821
SNP,696.64,0.308357,0.998819
SNP,697.64,0.307852,0.998817
SNP,698.64,0.307235,0.998815
SNP,699.64,0.306688,0.998813
SNP,700.64,0.306058,0.998811
SNP,701.64,0.305399,0.998808
SNP,702.64,0.304768,0.998805
SNP,703.64,0.304305,0.998804
SNP,704.64,0.30373,0.998801
SNP,705.64,0.303282,0.9988
SNP,706.64,0.302469,0.998796
SNP,707.64,0.301894,0.998794
SNP,708.64,0.301389,0.998792
SNP,709.64,0.300885,0.99879
SNP,710.64,0.300198,0.998787
SNP,711.48,0.299539,0.998785
SNP,712.06,0.299385,0.998784
SNP,712.64,0.298922,0.998782
SNP,713.64,0.298179,0.998779
SNP,714.64,0.297674,0.998777
SNP,715.64,0.297184,0.998775
SNP,716.64,0.296385,0.998772
SNP,717.64,0.29581,0.998769
SNP,718.64,0.295305,0.998767
SNP,719.64,0.294716,0.998765
SNP,720.64,0.294142,0.998762
SNP,721.64,0.293707,0.99876
SNP,722.64,0.293006,0.998758
SNP,723.64,0.292712,0.998756
SNP,724.64,0.292361,0.998755
SNP,725.64,0.291604,0.998752
SNP,726.64,0.291057,0.998749
SNP,727.25,0.290328,0.998746
SNP,728.06,0.290188,0.998745
SNP,728.64,0.289824,0.998744
SNP,729.64,0.289305,0.99879
SNP,730.64,0.288786,0.998788
SNP,731.64,0.28831,0.998834
SNP,732.64,0.287791,0.998832
SNP,733.64,0.287188,0.99883
SNP,734.64,0.28667,0.998828
SNP,735.64,0.285969,0.998825
SNP,736.64,0.285338,0.998822
SNP,737.64,0.284763,0.99882
SNP,738.64,0.284202,0.998818
SNP,739.64,0.283529,0.998815
SNP,740.64,0.282772,0.998812
SNP,741.64,0.282113,0.998809
SNP,742.64,0.281553,0.998806
SNP,743.64,0.280964,0.998854
SNP,744.64,0.280319,0.998851
SNP,745.64,0.279772,0.998849
SNP,746.64,0.279071,0.998846
SNP,747.64,0.278497,0.998844
SNP,748.64,0.27774,0.99884
SNP,749.64,0.277179,0.998838
SNP,750.64,0.27659,0.998836
SNP,751.64,0.275749,0.998832
SNP,752.64,0.275118,0.998829
SNP,753.64,0.274459,0.998827
SNP,754.64,0.273898,0.998824
SNP,755.64,0.273212,0.998821
SNP,756.64,0.272749,0.998819
SNP,757.64,0.272132,0.998817
SNP,758.64,0.271529,0.998814
SNP,759.64,0.270842,0.998811
SNP,760.64,0.270169,0.998808
SNP,761.64,0.269567,0.998805
SNP,762.64,0.268894,0.998854
SNP,763.64,0.268221,0.998851
SNP,764.64,0.267716,0.998849
SNP,765.64,0.267268,0.998847
SNP,766.64,0.266763,0.998845
SNP,767.64,0.266118,0.998842
SNP,768.64,0.265515,0.99884
SNP,769.64,0.265081,0.998838
SNP,770.64,0.264422,0.998835
SNP,771.64,0.263973,0.998833
SNP,772.64,0.263469,0.998831
SNP,773.64,0.262768,0.998828
SNP,774.64,0.262305,0.998826
SNP,775.64,0.261744,0.998823
SNP,776.64,0.261226,0.998821
SNP,777.64,0.260525,0.998818
SNP,778.64,0.260048,0.998815
SNP,779.64,0.259459,0.998813
SNP,780.64,0.2588,0.99881
SNP,781.64,0.258268,0.998807
SNP,782.64,0.257679,0.998805
SNP,783.64,0.257188,0.998802
SNP,784.64,0.256683,0.9988
SNP,785.64,0.256039,0.998797
SNP,786.64,0.255338,0.998794
SNP,787.64,0.254665,0.99879
SNP,788.64,0.254104,0.998788
SNP,789.64,0.253557,0.998785
SNP,790.64,0.252982,0.998782
SNP,791.64,0.252506,0.99878
SNP,792.64,0.252099,0.998778
SNP,793.64,0.251595,0.998776
SNP,794.64,0.251006,0.998773
SNP,795.64,0.250263,0.998769
SNP,796.64,0.249646,0.998766
SNP,797.64,0.248903,0.998762
SNP,798.64,0.248286,0.998759
SNP,799.64,0.247655,0.998756
SNP,800.64,0.247249,0.998754
SNP,801.64,0.246716,0.998752
SNP,802.64,0.246169,0.998749
SNP,803.64,0.245637,0.998746
SNP,804.64,0.24502,0.998743
SNP,805.64,0.244361,0.998739
SNP,806.64,0.243814,0.998737
SNP,807.64,0.243169,0.998733
SNP,808.64,0.242524,0.99873
SNP,809.64,0.24195,0.998727
SNP,810.64,0.241487,0.998724
SNP,811.64,0.241067,0.99878
SNP,812.64,0.240576,0.998778
SNP,813.64,0.240043,0.998775
SNP,814.64,0.23937,0.998772
SNP,815.64,0.238627,0.998768
SNP,816.64,0.238038,0.998765
SNP,817.64,0.23738,0.998761
SNP,818.64,0.236791,0.998758
SNP,819.64,0.236146,0.998755
SNP,820.64,0.235389,0.998751
SNP,821.64,0.234786,0.998748
SNP,822.64,0.234239,0.998745
SNP,823.64,0.233637,0.998742
SNP,824.64,0.232992,0.998738
SNP,825.64,0.232417,0.998735
SNP,826.64,0.23187,0.998732
SNP,827.64,0.231309,0.998729
SNP,828.64,0.230819,0.998726
SNP,829.64,0.230132,0.998722
SNP,830.64,0.229445,0.998719
SNP,831.64,0.228982,0.998716
SNP,832.64,0.228464,0.998713
SNP,833.64,0.227847,0.99871
SNP,834.64,0.2273,0.998706
SNP,835.64,0.226613,0.998703
SNP,836.64,0.225842,0.998698
SNP,837.64,0.225323,0.998695
SNP,838.64,0.224749,0.998692
SNP,839.64,0.224034,0.998688
SNP,840.64,0.223445,0.998684
SNP,841.64,0.222394,0.998678
SNP,842.64,0.221875,0.998675
SNP,843.64,0.221356,0.998672
SNP,844.64,0.220599,0.998667
SNP,845.64,0.21994,0.998663
SNP,846.64,0.219323,0.99866
SNP,847.64,0.218693,0.99872
SNP,848.64,0.218076,0.998716
SNP,849.64,0.217557,0.998713
SNP,850.64,0.216744,0.998708
SNP,851.64,0.216113,0.998704
SNP,852.64,0.215608,0.998701
SNP,853.64,0.214964,0.998697
SNP,854.64,0.214305,0.998693
SNP,855.64,0.213786,0.99869
SNP,856.64,0.213211,0.998687
SNP,857.64,0.212665,0.998683
SNP,858.64,0.212174,0.99868
SNP,859.64,0.211613,0.998677
SNP,860.64,0.211024,0.998673
SNP,861.64,0.210309,0.998669
SNP,862.64,0.209721,0.998665
SNP,863.64,0.209216,0.998662
SNP,864.64,0.208697,0.998725
SNP,865.64,0.208136,0.998722
SNP,866.64,0.207492,0.998718
SNP,867.64,0.206987,0.998715
SNP,868.64,0.206412,0.998711
SNP,869.64,0.205795,0.998707
SNP,870.64,0.205249,0.998704
SNP,871.64,0.204716,0.998701
SNP,872.64,0.203903,0.998695
SNP,873.64,0.203342,0.998692
SNP,874.64,0.202753,0.998688
SNP,875.64,0.202164,0.998684
SNP,876.64,0.201646,0.998681
SNP,877.64,0.201029,0.998677
SNP,878.64,0.20044,0.998673
SNP,879.64,0.199767,0.998668
SNP,880.64,0.199066,0.998664
SNP,881.64,0.198281,0.998729
SNP,882.64,0.197763,0.998726
SNP,883.64,0.197216,0.998722
SNP,884.64,0.196599,0.998718
SNP,885.64,0.195982,0.998714
SNP,886.64,0.195141,0.998709
SNP,887.64,0.194412,0.998704
SNP,888.64,0.193711,0.998699
SNP,889.64,0.19308,0.998695
SNP,890.64,0.192646,0.998692
SNP,891.64,0.191973,0.998687
SNP,892.64,0.191412,0.998683
SNP,893.64,0.190795,0.998679
SNP,894.64,0.190221,0.998675
SNP,895.64,0.189674,0.998671
SNP,896.64,0.189281,0.998669
SNP,897.64,0.188763,0.998665
SNP,898.64,0.188146,0.998661
SNP,899.64,0.187445,0.998656
SNP,900.64,0.186898,0.998652
SNP,901.64,0.186407,0.998648
SNP,902.64,0.185749,0.998643
SNP,903.64,0.185244,0.99864
SNP,904.64,0.184711,0.998636
SNP,905.64,0.184164,0.998632
SNP,906.64,0.183674,0.998628
SNP,907.64,0.183001,0.998623
SNP,908.64,0.182496,0.998849
SNP,909.64,0.181837,0.998845
SNP,910.64,0.18108,0.99884
SNP,911.64,0.180463,0.998836
SNP,912.64,0.179749,0.998832
SNP,913.64,0.179244,0.998828
SNP,914.64,0.178683,0.998825
SNP,915.64,0.178277,0.998822
SNP,916.64,0.177618,0.998818
SNP,917.64,0.176791,0.998812
SNP,918.64,0.175907,0.998806
SNP,919.64,0.175431,0.998803
SNP,920.64,0.17494,0.998799
SNP,921.64,0.174379,0.998796
SNP,922.64,0.173847,0.998792
SNP,923.64,0.173314,0.998788
SNP,924.64,0.172641,0.998783
SNP,925.64,0.172066,0.998779
SNP,926.64,0.171463,0.998775
SNP,927.64,0.170875,0.998771
SNP,928.64,0.17016,0.998766
SNP,929.64,0.169711,0.998762
SNP,930.64,0.169122,0.998758
SNP,931.64,0.168407,0.998753
SNP,932.64,0.167917,0.998749
SNP,933.64,0.167342,0.998745
SNP,934.64,0.166851,0.998741
SNP,935.64,0.166347,0.998738
SNP,936.64,0.165898,0.998734
SNP,937.64,0.165337,0.99873
SNP,938.64,0.164776,0.998725
SNP,939.64,0.164258,0.998721
SNP,940.64,0.163767,0.998718
SNP,941.64,0.163192,0.998713
SNP,942.64,0.162674,0.998709
SNP,943.64,0.162197,0.998705
SNP,944.64,0.161664,0.998701
SNP,945.64,0.161033,0.998696
SNP,946.64,0.160417,0.998691
SNP,947.64,0.15987,0.998686
SNP,948.64,0.159169,0.998681
SNP,949.64,0.15858,0.998676
SNP,950.64,0.158033,0.998671
SNP,951.64,0.157487,0.998667
SNP,952.64,0.157094,0.998663
SNP,953.64,0.156575,0.998659
SNP,954.64,0.156057,0.998654
SNP,955.64,0.155566,0.99865
SNP,956.64,0.155033,0.998645
SNP,957.64,0.154403,0.99864
SNP,958.64,0.153926,0.998636
SNP,959.64,0.153421,0.998631
SNP,960.64,0.15279,0.998626
SNP,961.64,0.15244,0.998622
SNP,962.64,0.151921,0.998618
SNP,963.64,0.15129,0.998612
SNP,964.64,0.15066,0.998606
SNP,965.64,0.150085,0.998601
SNP,966.64,0.149468,0.998595
SNP,967.64,0.148907,0.99859
SNP,968.64,0.148431,0.998585
SNP,969.64,0.147758,0.998579
SNP,970.64,0.147267,0.998574
SNP,971.64,0.146818,0.99857
SNP,972.64,0.146216,0.998564
SNP,973.64,0.145669,0.998559
SNP,974.64,0.145122,0.998553
SNP,975.64,0.144407,0.998546
SNP,976.64,0.143734,0.998539
SNP,977.64,0.143019,0.998532
SNP,978.64,0.142571,0.998527
SNP,979.64,0.142108,0.998522
SNP,980.64,0.141603,0.998517
SNP,981.64,0.141057,0.998511
SNP,982.64,0.140622,0.998507
SNP,983.64,0.140146,0.998502
SNP,984.64,0.139627,0.998496
SNP,985.64,0.13908,0.99849
SNP,986.64,0.138323,0.998482
SNP,987.64,0.137832,0.998477
SNP,988.64,0.137342,0.998471
SNP,989.64,0.136781,0.998465
SNP,990.64,0.136262,0.998459
SNP,991.64,0.135912,0.998455
SNP,992.64,0.135421,0.99845
SNP,993.64,0.134917,0.998444
SNP,994.64,0.134356,0.998437
SNP,995.64,0.133753,0.99843
SNP,996.64,0.13329,0.998425
SNP,997.64,0.132814,0.998419
SNP,998.64,0.132211,0.998412
SNP,999.64,0.131832,0.998407
SNP,1000.64,0.131412,0.998402
SNP,1001.64,0.131005,0.998397
SNP,1002.64,0.130697,0.998394
SNP,1003.64,0.13022,0.998388
SNP,1004.64,0.1298,0.998383
SNP,1005.64,0.129253,0.998376
SNP,1006.64,0.12872,0.998369
SNP,1007.64,0.128286,0.998472
SNP,1008.64,0.127823,0.998467
SNP,1009.64,0.127178,0.998459
SNP,1010.64,0.126631,0.998453
SNP,1011.64,0.126113,0.998446
SNP,1012.64,0.125482,0.998438
SNP,1013.64,0.124991,0.998432
SNP,1014.64,0.124445,0.998425
SNP,1015.64,0.123884,0.998418
SNP,1016.64,0.123393,0.998412
SNP,1017.64,0.122832,0.998405
SNP,1018.64,0.122398,0.998399
SNP,1019.64,0.121907,0.998393
SNP,1020.64,0.121444,0.998387
SNP,1021.64,0.120701,0.998377
SNP,1022.64,0.120225,0.99837
SNP,1023.64,0.119706,0.998363
SNP,1024.64,0.11923,0.998357
SNP,1025.64,0.118879,0.998352
SNP,1026.64,0.118473,0.998346
SNP,1027.64,0.117898,0.998338
SNP,1028.64,0.117281,0.998449
SNP,1029.64,0.11672,0.998441
SNP,1030.64,0.116272,0.998435
SNP,1031.64,0.115781,0.998428
SNP,1032.64,0.115346,0.998423
SNP,1033.64,0.114786,0.998415
SNP,1034.64,0.114295,0.998408
SNP,1035.64,0.113902,0.998403
SNP,1036.64,0.11351,0.998397
SNP,1037.64,0.112977,0.998389
SNP,1038.64,0.112472,0.998507
SNP,1039.64,0.112024,0.998501
SNP,1040.64,0.111491,0.998493
SNP,1041.64,0.111169,0.998615
SNP,1042.64,0.110608,0.998608
SNP,1043.64,0.110145,0.998602
SNP,1044.64,0.109711,0.998596
SNP,1045.64,0.109262,0.998591
SNP,1046.64,0.108772,0.998584
SNP,1047.64,0.108463,0.99858
SNP,1048.64,0.108029,0.998575
SNP,1049.64,0.107594,0.998569
SNP,1050.64,0.107286,0.998565
SNP,1052.06,0.106823,0.998559
SNP,1052.64,0.106402,0.998553
SNP,1053.64,0.106066,0.998548
SNP,1054.64,0.105561,0.998541
SNP,1055.64,0.104972,0.998533
SNP,1056.64,0.104678,0.998529
SNP,1057.64,0.104131,0.998521
SNP,1058.64,0.103669,0.99865
SNP,1059.64,0.103178,0.998643
SNP,1060.64,0.102673,0.998636
SNP,1061.64,0.102295,0.998631
SNP,1062.64,0.101818,0.998625
SNP,1063.64,0.101524,0.998621
SNP,1064.64,0.101047,0.998615
SNP,1065.64,0.100655,0.998609
SNP,1066.64,0.099786,0.998597
SNP,1067.64,0.099393,0.998592
SNP,1068.64,0.099043,0.998587
SNP,1069.64,0.098748,0.998582
SNP,1070.64,0.098187,0.998574
SNP,1071.64,0.097697,0.998567
SNP,1072.64,0.097304,0.998561
SNP,1073.64,0.096912,0.998556
SNP,1074.64,0.096337,0.998547
SNP,1075.64,0.095986,0.998542
SNP,1076.64,0.095538,0.998535
SNP,1077.64,0.095103,0.998528
SNP,1078.64,0.094725,0.998522
SNP,1079.64,0.09443,0.998518
SNP,1080.64,0.093996,0.998511
SNP,1081.64,0.093673,0.998506
SNP,1082.64,0.093183,0.998498
SNP,1083.64,0.09286,0.998493
SNP,1084.64,0.092566,0.998488
SNP,1085.64,0.092047,0.998479
SNP,1086.64,0.091599,0.998472
SNP,1087.64,0.09122,0.998466
SNP,1088.64,0.090898,0.998614
SNP,1089.64,0.090393,0.998761
SNP,1090.64,0.089958,0.998755
SNP,1091.64,0.089468,0.998748
SNP,1092.64,0.088907,0.99874
SNP,1093.64,0.08836,0.998732
SNP,1094.64,0.08794,0.998726
SNP,1095.64,0.087421,0.998719
SNP,1096.64,0.086958,0.998712
SNP,1097.64,0.086482,0.998705
SNP,1098.64,0.086103,0.998699
SNP,1099.64,0.085795,0.998695
SNP,1100.64,0.085234,0.998686
SNP,1101.64,0.084926,0.998681
SNP,1102.64,0.084449,0.998674
SNP,1103.64,0.083972,0.998666
SNP,1104.64,0.083552,0.99866
SNP,1105.64,0.083257,0.998655
SNP,1106.64,0.082907,0.998649
SNP,1107.64,0.08257,0.998644
SNP,1108.64,0.08215,0.998637
SNP,1109.64,0.081673,0.998629
SNP,1110.64,0.081449,0.998625
SNP,1111.64,0.080692,0.998612
SNP,1112.64,0.080327,0.998606
SNP,1113.64,0.080173,0.998603
SNP,1114.64,0.079781,0.998596
SNP,1115.64,0.079542,0.998592
SNP,1116.64,0.079192,0.998586
SNP,1117.64,0.078799,0.998579
SNP,1118.64,0.078491,0.998573
SNP,1119.64,0.078197,0.998568
SNP,1120.64,0.077832,0.998561
SNP,1121.64,0.077468,0.998554
SNP,1122.64,0.077089,0.998547
SNP,1123.64,0.076753,0.998541
SNP,1124.64,0.076304,0.998532
SNP,1125.64,0.075926,0.998525
SNP,1126.64,0.075547,0.998518
SNP,1127.64,0.075267,0.998512
SNP,1128.64,0.074832,0.998504
SNP,1129.64,0.074454,0.998496
SNP,1130.64,0.074061,0.998488
SNP,1131.64,0.073697,0.998481
SNP,1132.64,0.073318,0.998473
SNP,1133.64,0.07308,0.998468
SNP,1134.64,0.072771,0.998461
SNP,1135.64,0.072421,0.998454
SNP,1136.64,0.072169,0.998448
SNP,1137.64,0.071846,0.998441
SNP,1138.64,0.07144,0.998433
SNP,1139.64,0.071145,0.998426
SNP,1140.64,0.070879,0.99842
SNP,1141.64,0.07057,0.998413
SNP,1142.64,0.070276,0.998407
SNP,1143.64,0.069968,0.9984
SNP,1144.64,0.069659,0.998393
SNP,1145.64,0.069267,0.998384
SNP,1146.64,0.068916,0.998375
SNP,1147.64,0.068636,0.998369
SNP,1148.64,0.068426,0.998364
SNP,1149.64,0.068103,0.998356
SNP,1150.64,0.067837,0.998349
SNP,1151.64,0.067556,0.998343
SNP,1152.64,0.06722,0.998542
SNP,1153.64,0.066841,0.998534
SNP,1154.64,0.066603,0.998529
SNP,1155.64,0.066267,0.998521
SNP,1156.64,0.06572,0.998509
SNP,1157.64,0.065496,0.998504
SNP,1158.64,0.065145,0.998496
SNP,1159.64,0.064767,0.998487
SNP,1160.64,0.064416,0.998479
SNP,1161.64,0.064164,0.998473
SNP,1162.64,0.063855,0.998466
SNP,1163.64,0.063617,0.99846
SNP,1164.64,0.063267,0.998451
SNP,1165.64,0.06293,0.998443
SNP,1166.64,0.06258,0.998434
SNP,1167.64,0.062229,0.998426
SNP,1168.64,0.061977,0.998419
SNP,1169.64,0.061669,0.998411
SNP,1170.64,0.061374,0.998404
SNP,1171.64,0.061052,0.998395
SNP,1172.64,0.060799,0.998389
SNP,1173.64,0.060407,0.998379
SNP,1175.06,0.060014,0.998368
SNP,1175.64,0.059622,0.998357
SNP,1176.64,0.059327,0.998349
SNP,1177.64,0.059033,0.99834
SNP,1178.64,0.058823,0.998335
SNP,1179.64,0.058486,0.998325
SNP,1181.06,0.058066,0.998313
SNP,1181.64,0.057785,0.998305
SNP,1182.64,0.057435,0.998294
SNP,1183.64,0.057183,0.998287
SNP,1184.64,0.056902,0.998278
SNP,1185.48,0.056622,0.99827
SNP,1186.06,0.056608,0.99827
SNP,1186.64,0.056229,0.998258
SNP,1187.64,0.055865,0.998246
SNP,1188.64,0.055598,0.998238
SNP,1189.64,0.055248,0.998227
SNP,1190.64,0.054954,0.998217
SNP,1191.64,0.054617,0.998207
SNP,1192.64,0.054281,0.998195
SNP,1193.64,0.053972,0.998185
SNP,1194.64,0.053734,0.998177
SNP,1195.64,0.053468,0.998168
SNP,1196.64,0.053173,0.998158
SNP,1197.64,0.052893,0.998148
SNP,1198.64,0.052626,0.998139
SNP,1199.64,0.052346,0.998129
SNP,1200.64,0.051982,0.998116
SNP,1201.64,0.051211,0.998087
SNP,1202.64,0.050832,0.998073
SNP,1203.64,0.050552,0.998063
SNP,1204.64,0.050243,0.998051
SNP,1205.64,0.049879,0.998036
SNP,1206.64,0.049528,0.998023
SNP,1207.64,0.049248,0.998011
SNP,1208.64,0.048953,0.997999
SNP,1209.64,0.048687,0.997989
SNP,1210.64,0.048463,0.997979
SNP,1211.64,0.048225,0.997969
SNP,1212.64,0.04793,0.997957
SNP,1213.64,0.047622,0.997944
SNP,1214.64,0.047397,0.997934
SNP,1215.64,0.047201,0.997925
SNP,1216.64,0.046977,0.997915
SNP,1217.64,0.046753,0.997905
SNP,1218.64,0.046472,0.997893
SNP,1219.64,0.04622,0.997881
SNP,1220.64,0.046024,0.997872
SNP,1221.64,0.045813,0.997863
SNP,1222.64,0.045673,0.997856
SNP,1223.64,0.045463,0.997846
SNP,1224.64,0.045196,0.997833
SNP,1225.64,0.044902,0.997819
SNP,1226.64,0.044608,0.997805
SNP,1227.64,0.044355,0.997792
SNP,1228.32,0.044145,0.997782
SNP,1229.06,0.044145,0.997781
SNP,1229.64,0.044005,0.997775
SNP,1230.64,0.043598,0.997754
SNP,1231.64,0.043402,0.997744
SNP,1232.64,0.04315,0.997731
SNP,1233.64,0.042855,0.997715
SNP,1234.64,0.042533,0.997698
SNP,1235.64,0.042337,0.997687
SNP,1236.64,0.041958,0.997667
SNP,1237.64,0.041636,0.997649
SNP,1238.64,0.041482,0.99764
SNP,1239.64,0.041341,0.997632
SNP,1240.64,0.041145,0.997621
SNP,1241.64,0.040851,0.997604
SNP,1242.64,0.040486,0.997582
SNP,1243.64,0.040192,0.997564
SNP,1244.64,0.040052,0.997556
SNP,1245.64,0.039813,0.997541
SNP,1246.64,0.039253,0.997506
SNP,1247.64,0.039112,0.997497
SNP,1248.64,0.038846,0.99748
SNP,1249.64,0.038622,0.997466
SNP,1250.64,0.038369,0.997449
SNP,1251.64,0.038201,0.997438
SNP,1252.64,0.038019,0.997426
SNP,1253.64,0.037865,0.997415
SNP,1254.64,0.037767,0.997408
SNP,1255.64,0.037598,0.997397
SNP,1256.64,0.037402,0.997383
SNP,1257.64,0.037192,0.997368
SNP,1258.64,0.036981,0.997353
SNP,1259.64,0.036827,0.997342
SNP,1260.64,0.036575,0.997706
SNP,1261.64,0.036295,0.997688
SNP,1262.64,0.036154,0.997679
SNP,1263.64,0.035916,0.997664
SNP,1264.64,0.035748,0.997653
SNP,1265.64,0.035594,0.997642
SNP,1266.64,0.035439,0.997632
SNP,1267.64,0.035215,0.997617
SNP,1268.64,0.034935,0.997598
SNP,1269.64,0.034682,0.997581
SNP,1270.64,0.034486,0.997567
SNP,1271.64,0.034206,0.997547
SNP,1272.64,0.034038,0.997535
SNP,1273.64,0.033855,0.997522
SNP,1274.64,0.033673,0.997508
SNP,1275.64,0.033533,0.997498
SNP,1276.64,0.033267,0.997478
SNP,1277.64,0.033182,0.997472
SNP,1278.64,0.033028,0.99746
SNP,1279.64,0.032846,0.997446
SNP,1280.64,0.032692,0.997434
SNP,1281.64,0.032467,0.997416
SNP,1282.64,0.032313,0.997404
SNP,1283.64,0.031949,0.997374
SNP,1284.64,0.031837,0.997365
SNP,1285.64,0.031724,0.997356
SNP,1286.64,0.031486,0.997336
SNP,1287.64,0.03136,0.997325
SNP,1288.64,0.03122,0.997313
SNP,1289.64,0.031038,0.997297
SNP,1290.61,0.030897,0.997285
SNP,1291.64,0.030449,0.997245
SNP,1292.64,0.030351,0.997236
SNP,1293.64,0.03021,0.997224
SNP,1294.64,0.03,0.997204
SNP,1295.64,0.029804,0.997186
SNP,1296.64,0.029552,0.997162
SNP,1297.64,0.029383,0.997146
SNP,1298.64,0.029145,0.997122
SNP,1299.64,0.028921,0.9971
SNP,1300.64,0.028668,0.997075
SNP,1301.64,0.0285,0.997057
SNP,1302.64,0.028402,0.997047
SNP,1303.64,0.02822,0.997028
SNP,1304.64,0.02808,0.997013
SNP,1305.64,0.027911,0.996995
SNP,1306.64,0.027729,0.996976
SNP,1307.64,0.027519,0.996953
SNP,1308.64,0.027365,0.996936
SNP,1310.06,0.027154,0.996912
SNP,1310.64,0.026986,0.996893
SNP,1311.64,0.02686,0.996878
SNP,1312.64,0.026762,0.996867
SNP,1313.64,0.02665,0.996854
SNP,1314.64,0.026453,0.99683
SNP,1315.34,0.026285,0.99681
SNP,1316.06,0.026271,0.99681
SNP,1316.64,0.026159,0.996795
SNP,1317.64,0.025977,0.996772
SNP,1318.64,0.025865,0.996759
SNP,1319.64,0.025795,0.99675
SNP,1320.64,0.025724,0.996741
SNP,1321.64,0.025598,0.996725
SNP,1322.64,0.025472,0.996709
SNP,1323.64,0.025332,0.996691
SNP,1324.64,0.025094,0.996659
SNP,1325.64,0.024939,0.996639
SNP,1326.64,0.024659,0.996601
SNP,1327.64,0.024491,0.996577
SNP,1328.64,0.024365,0.99656
SNP,1329.64,0.024154,0.99653
SNP,1330.64,0.024028,0.996512
SNP,1331.64,0.023874,0.996489
SNP,1332.64,0.02372,0.996466
SNP,1333.64,0.023537,0.996439
SNP,1334.64,0.023425,0.996422
SNP,1335.64,0.023257,0.996396
SNP,1336.64,0.02271,0.99631
SNP,1337.64,0.022598,0.996292
SNP,1338.64,0.022444,0.996266
SNP,1339.64,0.022332,0.996248
SNP,1340.64,0.022164,0.996219
SNP,1341.64,0.021995,0.99619
SNP,1342.64,0.021869,0.996169
SNP,1343.64,0.021701,0.996139
SNP,1344.64,0.021561,0.996114
SNP,1345.64,0.021463,0.996096
SNP,1346.64,0.02128,0.996063
SNP,1347.64,0.021224,0.996053
SNP,1348.64,0.021112,0.996032
SNP,1350.06,0.02093,0.996
SNP,1350.64,0.020734,0.99596
SNP,1351.64,0.02065,0.995943
SNP,1352.64,0.020608,0.99661
SNP,1353.64,0.020481,0.996589
SNP,1354.64,0.020411,0.996578
SNP,1355.64,0.020257,0.996552
SNP,1356.64,0.020159,0.996535
SNP,1357.64,0.020005,0.996508
SNP,1358.64,0.019893,0.996489
SNP,1359.64,0.019809,0.996474
SNP,1360.64,0.019682,0.996451
SNP,1361.64,0.019598,0.996436
SNP,1363.06,0.019444,0.996411
SNP,1363.64,0.019304,0.996382
SNP,1364.64,0.019304,0.996382
SNP,1365.64,0.019192,0.996361
SNP,1366.64,0.019094,0.996342
SNP,1367.64,0.019009,0.996326
SNP,1368.64,0.018925,0.99631
SNP,1369.64,0.018729,0.996271
SNP,1370.64,0.018575,0.996241
SNP,1371.64,0.018421,0.996209
SNP,1372.64,0.018337,0.996192
SNP,1373.64,0.01821,0.996166
SNP,1374.64,0.018168,0.996157
SNP,1375.64,0.018042,0.99613
SNP,1376.64,0.018,0.996121
SNP,1377.64,0.017818,0.996082
SNP,1378.64,0.01765,0.996044
SNP,1379.64,0.017551,0.996022
SNP,1380.64,0.017537,0.996019
SNP,1381.64,0.017285,0.995961
SNP,1383.06,0.017145,0.995932
SNP,1383.64,0.017075,0.995912
SNP,1384.64,0.016977,0.995888
SNP,1385.64,0.016907,0.995871
SNP,1386.64,0.016823,0.995851
SNP,1387.64,0.016738,0.99583
SNP,1388.64,0.016626,0.995802
SNP,1389.64,0.016556,0.995784
SNP,1390.64,0.016486,0.995766
SNP,1391.64,0.016374,0.995737
SNP,1392.64,0.016248,0.995704
SNP,1393.64,0.016164,0.995682
SNP,1394.64,0.01608,0.99566
SNP,1395.64,0.015967,0.995629
SNP,1396.64,0.015869,0.995602
SNP,1397.64,0.015827,0.995591
SNP,1398.64,0.015715,0.99556
SNP,1399.64,0.015659,0.995544
SNP,1400.64,0.015603,0.995528
SNP,1401.64,0.015533,0.995508
SNP,1402.64,0.015463,0.995487
SNP,1403.64,0.015308,0.995442
SNP,1404.64,0.01521,0.995413
SNP,1405.64,0.01514,0.995392
SNP,1406.64,0.015,0.995349
SNP,1407.64,0.014888,0.995314
SNP,1408.64,0.01472,0.995261
SNP,1409.64,0.014636,0.995234
SNP,1410.64,0.014594,0.99522
SNP,1411.64,0.014551,0.995206
SNP,1412.64,0.014467,0.995178
SNP,1413.64,0.014355,0.995141
SNP,1414.64,0.014257,0.995108
SNP,1415.64,0.014201,0.995088
SNP,1416.64,0.014103,0.995054
SNP,1417.64,0.013991,0.995015
SNP,1418.64,0.013879,0.994975
SNP,1419.64,0.013794,0.994944
SNP,1420.64,0.013738,0.994924
SNP,1421.64,0.01364,0.994888
SNP,1422.64,0.013556,0.994856
SNP,1423.64,0.013514,0.99484
SNP,1424.64,0.013416,0.994802
SNP,1425.64,0.01336,0.994781
SNP,1426.64,0.01315,0.994698
SNP,1427.64,0.013065,0.994664
SNP,1428.64,0.013023,0.994647
SNP,1429.64,0.012953,0.994618
SNP,1430.64,0.012925,0.994606
SNP,1431.64,0.012841,0.994571
SNP,1432.64,0.012771,0.994541
SNP,1433.64,0.012715,0.994518
SNP,1434.64,0.012659,0.994493
SNP,1435.64,0.012575,0.994457
SNP,1436.64,0.012519,0.994432
SNP,1437.64,0.012393,0.994376
SNP,1438.64,0.012294,0.994331
SNP,1439.64,0.012266,0.994318
SNP,1440.64,0.01221,0.994292
SNP,1441.64,0.012084,0.994233
SNP,1442.64,0.012028,0.994206
SNP,1443.64,0.011944,0.994166
SNP,1444.64,0.01186,0.994125
SNP,1445.64,0.011748,0.994069
SNP,1446.64,0.011706,0.994048
SNP,1447.64,0.011579,0.993983
SNP,1448.64,0.011523,0.993954
SNP,1449.64,0.011467,0.993925
SNP,1450.64,0.011411,0.993895
SNP,1451.64,0.011369,0.993873
SNP,1452.64,0.011313,0.993842
SNP,1453.64,0.011257,0.993812
SNP,1454.64,0.011215,0.993789
SNP,1455.64,0.011159,0.993758
SNP,1456.64,0.011089,0.993719
SNP,1457.64,0.011033,0.993687
SNP,1458.64,0.010949,0.993639
SNP,1459.64,0.010893,0.993606
SNP,1460.64,0.010836,0.993573
SNP,1461.64,0.010794,0.993548
SNP,1462.64,0.01071,0.993498
SNP,1464.06,0.010598,0.993421
SNP,1464.64,0.010556,0.993404
SNP,1465.64,0.010472,0.993351
SNP,1466.64,0.010402,0.993307
SNP,1467.64,0.010346,0.993271
SNP,1468.64,0.010332,0.993261
SNP,1469.64,0.010304,0.993243
SNP,1470.64,0.01029,0.993234
SNP,1471.64,0.010079,0.993094
SNP,1472.64,0.009995,0.993036
SNP,1473.64,0.009967,0.993017
SNP,1475.06,0.009897,0.992958
SNP,1475.64,0.009813,0.992908
SNP,1476.64,0.009785,0.992888
SNP,1478.06,0.009743,0.992847
SNP,1479.06,0.009715,0.992826
SNP,1479.64,0.009687,0.992816
SNP,1480.64,0.009589,0.992743
SNP,1481.64,0.009561,0.992722
SNP,1482.64,0.009519,0.99269
SNP,1483.64,0.009491,0.992669
SNP,1485.06,0.009477,0.992647
SNP,1485.64,0.009421,0.992614
SNP,1486.64,0.009336,0.992548
SNP,1487.64,0.009238,0.99247
SNP,1488.64,0.00921,0.992447
SNP,1489.64,0.009182,0.992424
SNP,1490.64,0.00914,0.99239
SNP,1491.64,0.009112,0.992366
SNP,1492.64,0.009084,0.992343
SNP,1493.64,0.009028,0.992296
SNP,1494.64,0.008986,0.99226
SNP,1495.64,0.008902,0.992188
SNP,1496.64,0.00886,0.992151
SNP,1497.64,0.008804,0.992101
SNP,1498.64,0.008776,0.992076
SNP,1499.64,0.008678,0.991987
SNP,1500.64,0.008622,0.991935
SNP,1501.64,0.008579,0.991896
SNP,1502.64,0.008565,0.991883
SNP,1503.64,0.008425,0.991749
SNP,1504.64,0.008397,0.991722
SNP,1505.64,0.008271,0.993266
SNP,1506.64,0.008215,0.99322
SNP,1507.64,0.008089,0.993115
SNP,1508.64,0.008033,0.993068
SNP,1509.64,0.008005,0.993043
SNP,1510.64,0.007935,0.992982
SNP,1512.06,0.007907,0.99297
SNP,1512.64,0.007879,0.992933
SNP,1513.64,0.007879,0.992933
SNP,1514.64,0.007808,0.99287
SNP,1515.64,0.007724,0.992793
SNP,1516.64,0.007556,0.992634
SNP,1517.64,0.007486,0.992565
SNP,1518.64,0.007458,0.992537
SNP,1519.64,0.007416,0.992495
SNP,1520.64,0.007402,0.992481
SNP,1521.64,0.00736,0.992439
SNP,1522.64,0.007318,0.992395
SNP,1523.64,0.00729,0.992366
SNP,1524.64,0.007206,0.992278
SNP,1525.64,0.007122,0.992188
SNP,1526.64,0.007108,0.992172
SNP,1527.64,0.007051,0.99211
SNP,1528.64,0.007037,0.992095
SNP,1529.64,0.006995,0.992048
SNP,1530.64,0.006925,0.991968
SNP,1531.64,0.006911,0.991952
SNP,1532.64,0.006855,0.991886
SNP,1533.64,0.006799,0.99182
SNP,1534.64,0.006757,0.99177
SNP,1535.64,0.006659,0.991649
SNP,1536.64,0.006645,0.991632
SNP,1537.64,0.006631,0.991614
SNP,1538.64,0.006547,0.991507
SNP,1539.64,0.006477,0.991416
SNP,1540.64,0.006463,0.991398
SNP,1542.06,0.006421,0.993506
SNP,1542.64,0.006379,0.99345
SNP,1543.64,0.006336,0.993407
SNP,1544.64,0.006294,0.993363
SNP,1545.64,0.006238,0.993304
SNP,1546.64,0.00621,0.993274
SNP,1547.64,0.006196,0.993258
SNP,1548.64,0.006154,0.993213
SNP,1549.64,0.00614,0.993197
SNP,1550.64,0.006042,0.993088
SNP,1551.64,0.006,0.993039
SNP,1553.06,0.005958,0.993007
SNP,1553.64,0.005916,0.992941
SNP,1554.64,0.005874,0.992891
SNP,1555.64,0.00586,0.992874
SNP,1556.64,0.005846,0.992857
SNP,1557.64,0.005846,0.992857
SNP,1558.64,0.00579,0.992788
SNP,1559.64,0.005734,0.992718
SNP,1560.64,0.005678,0.992647
SNP,1561.64,0.005537,0.992462
SNP,1563.06,0.005467,0.992347
SNP,1563.64,0.005439,0.992327
SNP,1564.64,0.005425,0.992308
SNP,1565.64,0.005425,0.992308
SNP,1566.64,0.005397,0.992268
SNP,1567.64,0.005327,0.992167
SNP,1568.64,0.005313,0.992147
SNP,1569.64,0.005285,0.992105
SNP,1570.64,0.005243,0.992042
SNP,1571.64,0.005173,0.991935
SNP,1572.64,0.005131,0.99187
SNP,1573.64,0.005103,0.991826
SNP,1574.64,0.005019,0.99169
SNP,1576.06,0.004977,0.991643
SNP,1576.64,0.004935,0.991549
SNP,1577.64,0.004907,0.991501
SNP,1578.64,0.004879,0.991453
SNP,1579.64,0.00485,0.991404
SNP,1580.64,0.004822,0.991354
SNP,1581.64,0.004724,0.991176
SNP,1582.64,0.004682,0.991098
SNP,1583.64,0.004682,0.991098
SNP,1584.64,0.004682,0.991098
SNP,1585.64,0.004654,0.991045
SNP,1586.64,0.004598,0.990937
SNP,1587.64,0.004556,0.990854
SNP,1588.64,0.004514,0.990769
SNP,1589.64,0.004486,0.990712
SNP,1590.64,0.004486,0.990712
SNP,1591.64,0.004416,0.990566
SNP,1592.64,0.004374,0.990476
SNP,1593.64,0.004374,0.990476
SNP,1594.64,0.004332,0.990385
SNP,1595.64,0.00429,0.990291
SNP,1596.64,0.00422,0.990132
SNP,1597.64,0.004192,0.990066
SNP,1598.64,0.004192,0.990066
SNP,1599.64,0.004192,0.990066
SNP,1600.64,0.004178,0.990033
SNP,1601.64,0.004178,0.990033
SNP,1602.64,0.004136,0.989933
SNP,1604.06,0.004065,0.989796
SNP,1604.64,0.004051,0.989726
SNP,1605.64,0.004037,0.989691
SNP,1606.64,0.003897,0.989324
SNP,1607.64,0.003869,0.989247
SNP,1608.64,0.003841,0.98917
SNP,1609.64,0.003813,0.989091
SNP,1610.64,0.003799,0.989051
SNP,1611.64,0.003771,0.988971
SNP,1612.64,0.003743,0.988889
SNP,1613.64,0.003743,0.988889
SNP,1614.64,0.003715,0.988806
SNP,1615.64,0.003673,0.988679
SNP,1617.06,0.003645,0.988636
SNP,1617.64,0.003603,0.988462
SNP,1618.64,0.003603,0.988462
SNP,1619.64,0.003547,0.988281
SNP,1620.64,0.003547,0.988281
SNP,1621.64,0.003547,0.988281
SNP,1622.64,0.003533,0.988235
SNP,1623.64,0.003491,0.988095
SNP,1624.64,0.003477,0.988048
SNP,1625.64,0.003463,0.988
SNP,1626.64,0.003435,0.987903
SNP,1627.64,0.003379,0.987705
SNP,1628.64,0.003379,0.987705
SNP,1629.64,0.003365,0.987654
SNP,1630.64,0.00335,0.987603
SNP,1631.64,0.003322,0.9875
SNP,1632.64,0.003294,0.987395
SNP,1633.64,0.003252,0.987234
SNP,1634.64,0.003224,0.987124
SNP,1635.64,0.003196,0.987013
SNP,1636.64,0.003182,0.986957
SNP,1637.64,0.003182,0.986957
SNP,1638.64,0.003168,0.9869
SNP,1639.64,0.003154,0.986842
SNP,1640.64,0.003084,0.986547
SNP,1641.64,0.003084,0.986547
SNP,1642.64,0.00307,0.986486
SNP,1643.64,0.003042,0.986364
SNP,1644.64,0.003042,0.986364
SNP,1646.06,0.003,0.986111
SNP,1646.64,0.002972,0.986047
SNP,1647.64,0.002972,0.986047
SNP,1648.64,0.002958,0.985981
SNP,1649.64,0.002944,0.985915
SNP,1650.64,0.00293,0.985849
SNP,1652.06,0.002916,0.985714
SNP,1652.64,0.002888,0.985646
SNP,1653.64,0.002888,0.985646
SNP,1654.64,0.002874,0.985577
SNP,1655.64,0.002874,0.985577
SNP,1656.64,0.002846,0.985437
SNP,1657.64,0.002832,0.985366
SNP,1658.64,0.002832,0.985366
SNP,1659.64,0.002762,0.985
SNP,1660.64,0.002748,0.984925
SNP,1661.64,0.00272,0.984772
SNP,1662.64,0.002692,0.984615
SNP,1663.64,0.002692,0.984615
SNP,1664.64,0.002678,0.984536
SNP,1665.64,0.002664,0.984456
SNP,1666.64,0.00265,0.984375
SNP,1668.64,0.002636,0.984293
SNP,1669.64,0.002636,0.984293
SNP,1670.64,0.002636,0.984293
SNP,1671.64,0.002636,0.984293
SNP,1673.06,0.002622,0.984127
SNP,1673.64,0.002593,0.984043
SNP,1674.64,0.002593,0.984043
SNP,1676.06,0.002551,0.983871
SNP,1676.64,0.002551,0.983784
SNP,1677.64,0.002523,0.983607
SNP,1678.64,0.002523,0.983607
SNP,1679.64,0.002495,0.983425
SNP,1680.64,0.002481,0.983333
SNP,1681.64,0.002481,0.983333
SNP,1682.64,0.002453,0.983146
SNP,1683.64,0.002453,0.983146
SNP,1684.64,0.002425,0.982955
SNP,1685.64,0.002425,0.982955
SNP,1686.64,0.002397,0.982759
SNP,1687.64,0.002397,0.982759
SNP,1688.64,0.002383,0.982659
SNP,1689.64,0.002327,0.982249
SNP,1690.64,0.002313,0.982143
SNP,1691.64,0.002313,0.982143
SNP,1692.64,0.002313,0.982143
SNP,1693.64,0.002313,0.982143
SNP,1694.64,0.002313,0.982143
SNP,1695.64,0.002285,0.981928
SNP,1696.64,0.002201,0.98125
SNP,1697.64,0.002201,0.98125
SNP,1698.64,0.002201,0.98125
SNP,1699.64,0.002201,0.98125
SNP,1700.64,0.002187,0.981132
SNP,1701.64,0.002187,0.981132
SNP,1702.64,0.002173,0.981013
SNP,1703.64,0.002159,0.980892
SNP,1704.64,0.002159,0.980892
SNP,1705.64,0.002145,0.980769
SNP,1706.64,0.002145,0.980769
SNP,1707.64,0.002131,0.980645
SNP,1708.64,0.002117,0.980519
SNP,1709.64,0.002117,0.980519
SNP,1711.06,0.002061,0.980132
SNP,1711.64,0.002061,0.98
SNP,1712.64,0.002033,0.97973
SNP,1714.64,0.002033,0.97973
SNP,1715.64,0.002033,0.97973
SNP,1716.64,0.001977,0.979167
SNP,1717.64,0.001963,0.979021
SNP,1719.06,0.001935,0.978873
SNP,1719.64,0.001935,0.978723
SNP,1720.64,0.001907,0.978417
SNP,1721.64,0.001879,0.978102
SNP,1722.64,0.001879,0.978102
SNP,1723.64,0.001879,0.978102
SNP,1725.64,0.001879,0.978102
SNP,1726.64,0.001879,0.978102
SNP,1727.64,0.001879,0.978102
SNP,1728.64,0.00185,0.977778
SNP,1729.64,0.001822,0.977444
SNP,1730.64,0.001808,0.977273
SNP,1731.64,0.001738,0.984127
SNP,1732.64,0.001668,0.983471
SNP,1733.64,0.001668,0.983471
SNP,1734.64,0.001654,0.983333
SNP,1736.06,0.001654,0.983193
SNP,1736.64,0.001626,0.983051
SNP,1737.64,0.001626,0.983051
SNP,1738.64,0.001626,0.983051
SNP,1739.64,0.001626,0.983051
SNP,1740.64,0.001626,0.983051
SNP,1742.64,0.001584,0.982609
SNP,1743.64,0.001584,0.982609
SNP,1744.64,0.001584,0.982609
SNP,1745.64,0.001584,0.982609
SNP,1746.64,0.00157,0.982456
SNP,1747.64,0.00157,0.982456
SNP,1749.06,0.00157,0.982301
SNP,1749.64,0.001556,0.982301
SNP,1750.64,0.001528,0.981982
SNP,1751.64,0.0015,0.981651
SNP,1752.64,0.0015,0.981651
SNP,1753.64,0.0015,0.981651
SNP,1754.64,0.001486,0.981481
SNP,1755.64,0.001486,0.981481
SNP,1756.64,0.001486,0.981481
SNP,1757.64,0.001486,0.981481
SNP,1759.64,0.001486,0.981481
SNP,1760.64,0.001472,0.981308
SNP,1761.64,0.001458,0.981132
SNP,1763.06,0.001458,0.980952
SNP,1763.64,0.001444,0.980952
SNP,1764.64,0.001444,0.980952
SNP,1765.64,0.00143,0.980769
SNP,1766.64,0.00143,0.980769
SNP,1767.64,0.00143,0.980769
SNP,1768.64,0.001388,0.980198
SNP,1769.64,0.001388,0.980198
SNP,1770.64,0.001388,0.980198
SNP,1771.64,0.001374,0.98
SNP,1772.64,0.001374,0.98
SNP,1774.06,0.00136,0.979592
SNP,1774.64,0.001304,0.978947
SNP,1775.64,0.001304,0.978947
SNP,1776.64,0.00129,0.978723
SNP,1777.64,0.001276,0.978495
SNP,1780.06,0.001276,0.978261
SNP,1780.64,0.001262,0.978261
SNP,1781.64,0.001262,0.978261
SNP,1782.64,0.001248,0.978022
SNP,1783.64,0.001248,0.978022
SNP,1785.06,0.001234,0.977778
SNP,1785.64,0.001234,0.977778
SNP,1786.64,0.001164,0.976471
SNP,1787.64,0.00115,0.97619
SNP,1788.64,0.00115,0.97619
SNP,1790.64,0.001136,0.975904
SNP,1791.64,0.001136,0.975904
SNP,1792.64,0.001136,0.975904
SNP,1793.64,0.001136,0.975904
SNP,1794.64,0.001136,0.975904
SNP,1795.64,0.001122,0.97561
SNP,1796.64,0.001122,0.97561
SNP,1797.64,0.001122,0.97561
SNP,1799.06,0.001107,0.97561
SNP,1799.64,0.001107,0.975309
SNP,1800.64,0.001107,0.975309
SNP,1801.64,0.001093,0.975
SNP,1802.64,0.001093,0.975
SNP,1803.64,0.001093,0.975
SNP,1804.64,0.001065,0.974359
SNP,1805.64,0.001051,0.974026
SNP,1806.64,0.001051,0.974026
SNP,1807.64,0.001051,0.974026
SNP,1808.64,0.001009,0.972973
SNP,1809.64,0.000995,0.972603
SNP,1810.64,0.000995,0.972603
SNP,1811.64,0.000995,0.972603
SNP,1812.64,0.000995,0.972603
SNP,1813.64,0.000995,0.972603
SNP,1814.64,0.000995,0.972603
SNP,1815.64,0.000995,0.972603
SNP,1816.64,0.000981,0.972222
SNP,1817.64,0.000967,0.971831
SNP,1818.64,0.000967,0.971831
SNP,1819.64,0.000939,0.971014
SNP,1820.64,0.000939,0.971014
SNP,1822.06,0.000939,0.970588
SNP,1822.64,0.000925,0.970588
SNP,1823.64,0.000925,0.970588
SNP,1824.64,0.000911,0.970149
SNP,1825.64,0.000897,0.969697
SNP,1826.64,0.000869,0.96875
SNP,1827.64,0.000869,0.96875
SNP,1828.64,0.000855,0.968254
SNP,1829.64,0.000841,0.967742
SNP,1830.64,0.000827,0.967213
SNP,1831.64,0.000813,0.966667
SNP,1832.64,0.000813,0.966667
SNP,1833.64,0.000799,0.966102
SNP,1834.64,0.000785,0.965517
SNP,1835.64,0.000771,0.964912
SNP,1836.64,0.000757,0.964286
SNP,1837.64,0.000757,0.964286
SNP,1838.64,0.000757,0.964286
SNP,1839.64,0.000757,0.964286
SNP,1840.64,0.000743,0.963636
SNP,1841.64,0.000743,0.963636
SNP,1842.64,0.000715,0.962264
SNP,1843.64,0.000715,0.962264
SNP,1844.64,0.000701,0.961538
SNP,1845.64,0.000701,0.961538
SNP,1846.64,0.000673,0.96
SNP,1848.64,0.000673,0.96
SNP,1849.64,0.000673,0.96
SNP,1850.64,0.000673,0.96
SNP,1851.64,0.000659,0.959184
SNP,1852.64,0.000659,0.959184
SNP,1853.64,0.000659,0.959184
SNP,1854.64,0.000659,0.959184
SNP,1856.06,0.000645,0.959184
SNP,1856.64,0.000645,0.958333
SNP,1857.64,0.000645,0.958333
SNP,1858.64,0.000645,0.958333
SNP,1859.64,0.000645,0.958333
SNP,1860.64,0.000631,0.957447
SNP,1861.64,0.000603,0.955556
SNP,1862.64,0.000589,0.954545
SNP,1863.64,0.000561,0.952381
SNP,1865.64,0.000561,0.952381
SNP,1867.64,0.000561,0.952381
SNP,1868.64,0.000561,0.952381
SNP,1869.64,0.000561,0.952381
SNP,1870.64,0.000561,0.952381
SNP,1872.64,0.000561,0.952381
SNP,1873.64,0.000561,0.952381
SNP,1874.64,0.000561,0.952381
SNP,1875.64,0.000561,0.952381
SNP,1876.64,0.000533,0.95
SNP,1877.64,0.000533,0.95
SNP,1878.64,0.000505,0.947368
SNP,1879.64,0.000505,0.947368
SNP,1880.64,0.000505,0.947368
SNP,1881.64,0.000491,0.945946
SNP,1882.64,0.000491,0.945946
SNP,1883.64,0.000491,0.945946
SNP,1884.64,0.000491,0.945946
SNP,1885.64,0.000491,0.945946
SNP,1886.64,0.000491,0.945946
SNP,1887.64,0.000491,0.945946
SNP,1889.64,0.000491,0.945946
SNP,1890.64,0.000491,0.945946
SNP,1891.64,0.000491,0.945946
SNP,1892.64,0.000491,0.945946
SNP,1893.64,0.000491,0.945946
SNP,1894.64,0.000491,0.945946
SNP,1895.64,0.000491,0.945946
SNP,1896.64,0.000477,0.944444
SNP,1897.64,0.000463,0.942857
SNP,1898.64,0.000463,0.942857
SNP,1899.64,0.000463,0.942857
SNP,1900.64,0.000463,0.942857
SNP,1901.64,0.000463,0.942857
SNP,1902.64,0.000463,0.942857
SNP,1903.64,0.000463,0.942857
SNP,1904.64,0.000463,0.942857
SNP,1905.64,0.000463,0.942857
SNP,1906.64,0.000463,0.942857
SNP,1907.64,0.000463,0.942857
SNP,1908.64,0.000463,0.942857
SNP,1909.64,0.000435,0.939394
SNP,1910.64,0.000421,0.9375
SNP,1911.64,0.000421,0.9375
SNP,1912.64,0.000407,0.935484
SNP,1914.06,0.000379,0.933333
SNP,1914.64,0.000379,0.931034
SNP,1915.64,0.000336,0.923077
SNP,1916.64,0.000336,0.923077
SNP,1917.64,0.000336,0.923077
SNP,1918.64,0.000336,0.923077
SNP,1919.64,0.000336,0.923077
SNP,1920.64,0.000336,0.923077
SNP,1921.64,0.000336,0.923077
SNP,1923.64,0.000336,0.923077
SNP,1924.64,0.000336,0.923077
SNP,1926.06,0.000336,0.923077
SNP,1926.64,0.000336,0.923077
SNP,1927.64,0.000336,0.923077
SNP,1928.64,0.000336,0.923077
SNP,1929.64,0.000336,0.923077
SNP,1930.64,0.000336,0.923077
SNP,1932.06,0.000308,0.913043
SNP,1932.64,0.000294,0.913043
SNP,1933.64,0.000294,0.913043
SNP,1934.64,0.00028,0.909091
SNP,1935.64,0.00028,0.909091
SNP,1936.64,0.00028,0.909091
SNP,1937.64,0.00028,0.909091
SNP,1938.64,0.00028,0.909091
SNP,1940.06,0.000266,0.9
SNP,1940.64,0.000252,0.9
SNP,1941.64,0.000252,0.9
SNP,1942.64,0.000252,0.9
SNP,1943.64,0.000252,0.9
SNP,1944.64,0.000252,0.9
SNP,1945.64,0.000252,0.9
SNP,1946.64,0.000252,0.9
SNP,1947.64,0.000238,0.894737
SNP,1948.64,0.000238,0.894737
SNP,1949.64,0.000238,0.894737
SNP,1950.64,0.000238,0.894737
SNP,1952.06,0.000238,0.888889
SNP,1952.64,0.000224,0.888889
SNP,1953.64,0.000224,0.888889
SNP,1954.64,0.000196,0.875
SNP,1959.64,0.000196,0.875
SNP,1960.64,0.000196,0.875
SNP,1961.64,0.000182,0.866667
SNP,1962.64,0.000182,0.866667
SNP,1963.64,0.000182,0.866667
SNP,1964.64,0.000182,0.866667
SNP,1965.64,0.000182,0.866667
SNP,1966.64,0.000182,0.866667
SNP,1967.64,0.000182,0.866667
SNP,1968.64,0.000182,0.866667
SNP,1969.64,0.000182,0.866667
SNP,1970.64,0.000182,0.866667
SNP,1971.64,0.000182,0.866667
SNP,1972.64,0.000182,0.866667
SNP,1973.64,0.000182,0.866667
SNP,1975.64,0.000182,0.866667
SNP,1976.64,0.000182,0.866667
SNP,1977.64,0.000182,0.866667
SNP,1978.64,0.000182,0.866667
SNP,1980.64,0.000182,0.866667
SNP,1981.64,0.000182,0.866667
SNP,1982.64,0.000182,0.866667
SNP,1983.64,0.000182,0.866667
SNP,1984.64,0.000182,0.866667
SNP,1985.64,0.000182,0.866667
SNP,1986.64,0.000182,0.866667
SNP,1987.64,0.000182,0.866667
SNP,1988.64,0.000182,0.866667
SNP,1989.64,0.000182,0.866667
SNP,1991.64,0.000182,0.866667
SNP,1992.64,0.000182,0.866667
SNP,1993.64,0.000182,0.866667
SNP,1994.64,0.000182,0.866667
SNP,1995.64,0.000182,0.866667
SNP,1996.64,0.000182,0.866667
SNP,1998.64,0.000182,0.866667
SNP,2000.64,0.000182,0.866667
SNP,2001.64,0.000182,0.866667
SNP,2002.64,0.000182,0.866667
SNP,2003.64,0.000182,0.866667
SNP,2004.64,0.000182,0.866667
SNP,2005.64,0.000182,0.866667
SNP,2007.64,0.000182,0.866667
SNP,2009.64,0.000182,0.866667
SNP,2010.64,0.000182,0.866667
SNP,2011.64,0.000182,0.866667
SNP,2012.64,0.000182,0.866667
SNP,2013.64,0.000182,0.866667
SNP,2014.64,0.000182,0.866667
SNP,2015.64,0.000182,0.866667
SNP,2018.64,0.000182,0.866667
SNP,2019.64,0.000182,0.866667
SNP,2020.64,0.000182,0.866667
SNP,2021.64,0.000182,0.866667
SNP,2022.64,0.000182,0.866667
SNP,2023.64,0.000182,0.866667
SNP,2024.64,0.000182,0.866667
SNP,2025.64,0.000182,0.866667
SNP,2028.64,0.000182,0.866667
SNP,2029.64,0.000182,0.866667
SNP,2031.64,0.000168,0.857143
SNP,2033.64,0.000168,0.857143
SNP,2034.64,0.000168,0.857143
SNP,2035.64,0.000168,0.857143
SNP,2036.64,0.000168,0.857143
SNP,2038.64,0.000168,0.857143
SNP,2039.64,0.000168,0.857143
SNP,2040.64,0.000168,0.857143
SNP,2041.64,0.000168,0.857143
SNP,2042.64,0.000168,0.857143
SNP,2043.64,0.000168,0.857143
SNP,2044.64,0.000168,0.857143
SNP,2046.64,0.000168,0.857143
SNP,2047.64,0.000168,0.857143
SNP,2049.06,0.000168,0.857143
SNP,2049.64,0.000168,0.857143
SNP,2050.64,0.000168,0.857143
SNP,2051.64,0.000168,0.857143
SNP,2052.64,0.000168,0.857143
SNP,2053.64,0.000168,0.857143
SNP,2054.64,0.000168,0.857143
SNP,2055.64,0.000168,0.857143
SNP,2056.64,0.000168,0.857143
SNP,2057.64,0.000168,0.857143
SNP,2058.64,0.000168,0.857143
SNP,2059.64,0.000168,0.857143
SNP,2060.64,0.000168,0.857143
SNP,2061.64,0.000168,0.857143
SNP,2062.64,0.000168,0.857143
SNP,2064.64,0.000168,0.857143
SNP,2065.64,0.000154,0.846154
SNP,2066.64,0.000154,0.846154
SNP,2068.64,0.000154,0.846154
SNP,2069.64,0.000154,0.846154
SNP,2070.64,0.000154,0.846154
SNP,2071.64,0.000154,0.846154
SNP,2072.64,0.000154,0.846154
SNP,2073.64,0.000154,0.846154
SNP,2074.64,0.000154,0.846154
SNP,2075.64,0.000154,0.846154
SNP,2076.64,0.00014,0.833333
SNP,2077.64,0.00014,0.833333
SNP,2079.06,0.00014,0.833333
SNP,2079.64,0.00014,0.833333
SNP,2080.64,0.00014,0.833333
SNP,2081.64,0.00014,0.833333
SNP,2083.64,0.00014,0.833333
SNP,2084.64,0.00014,0.833333
SNP,2085.64,0.00014,0.833333
SNP,2086.64,0.00014,0.833333
SNP,2087.64,0.00014,0.833333
SNP,2088.64,0.00014,0.833333
SNP,2089.64,0.00014,0.833333
SNP,2090.64,0.000112,0.8
SNP,2091.64,0.000112,0.8
SNP,2092.64,0.000112,0.8
SNP,2094.64,9.8e-05,0.777778
SNP,2096.64,9.8e-05,0.777778
SNP,2097.64,9.8e-05,0.777778
SNP,2098.64,9.8e-05,0.777778
SNP,2100.64,8.4e-05,0.75
SNP,2104.64,8.4e-05,0.75
SNP,2105.64,8.4e-05,0.75
SNP,2106.64,8.4e-05,0.75
SNP,2107.64,8.4e-05,0.75
SNP,2108.64,8.4e-05,0.75
SNP,2109.64,8.4e-05,0.75
SNP,2110.64,8.4e-05,0.75
SNP,2111.64,8.4e-05,0.75
SNP,2113.64,8.4e-05,0.75
SNP,2114.64,8.4e-05,0.75
SNP,2116.64,8.4e-05,0.75
SNP,2117.64,8.4e-05,0.75
SNP,2118.64,8.4e-05,0.75
SNP,2119.64,8.4e-05,0.75
SNP,2124.64,8.4e-05,0.75
SNP,2125.64,8.4e-05,0.75
SNP,2126.64,8.4e-05,0.75
SNP,2127.64,8.4e-05,0.75
SNP,2128.64,8.4e-05,0.75
SNP,2129.64,8.4e-05,0.75
SNP,2130.64,8.4e-05,0.75
SNP,2131.64,8.4e-05,0.75
SNP,2132.64,8.4e-05,0.75
SNP,2133.64,8.4e-05,0.75
SNP,2135.64,8.4e-05,0.75
SNP,2136.64,8.4e-05,0.75
SNP,2138.64,8.4e-05,0.75
SNP,2139.64,8.4e-05,0.75
SNP,2140.64,8.4e-05,0.75
SNP,2142.64,8.4e-05,0.75
SNP,2143.64,8.4e-05,0.75
SNP,2144.64,8.4e-05,0.75
SNP,2145.64,8.4e-05,0.75
SNP,2147.64,7e-05,0.714286
SNP,2148.64,7e-05,0.714286
SNP,2149.64,7e-05,0.714286
SNP,2150.64,7e-05,0.714286
SNP,2151.64,7e-05,0.714286
SNP,2152.64,7e-05,0.714286
SNP,2153.64,7e-05,0.714286
SNP,2154.64,7e-05,0.833333
SNP,2155.64,7e-05,0.833333
SNP,2157.64,7e-05,0.833333
SNP,2158.64,7e-05,0.833333
SNP,2159.64,7e-05,0.833333
SNP,2160.64,7e-05,0.833333
SNP,2163.64,7e-05,0.833333
SNP,2164.64,7e-05,0.833333
SNP,2165.64,7e-05,0.833333
SNP,2166.64,7e-05,0.833333
SNP,2167.64,7e-05,0.833333
SNP,2168.64,7e-05,0.833333
SNP,2169.64,7e-05,0.833333
SNP,2170.64,7e-05,0.833333
SNP,2171.64,7e-05,0.833333
SNP,2172.64,7e-05,0.833333
SNP,2173.64,7e-05,0.833333
SNP,2174.64,7e-05,0.833333
SNP,2175.64,7e-05,0.833333
SNP,2176.64,7e-05,0.833333
SNP,2179.64,7e-05,0.833333
SNP,2180.64,7e-05,0.833333
SNP,2181.64,7e-05,0.833333
SNP,2184.06,5.6e-05,0.833333
SNP,2184.64,5.6e-05,0.8
SNP,2185.64,5.6e-05,0.8
SNP,2186.64,5.6e-05,0.8
SNP,2187.64,5.6e-05,0.8
SNP,2188.64,4.2e-05,0.75
SNP,2189.64,4.2e-05,0.75
SNP,2190.64,4.2e-05,0.75
SNP,2191.64,4.2e-05,0.75
SNP,2192.64,4.2e-05,0.75
SNP,2194.64,4.2e-05,0.75
SNP,2195.64,4.2e-05,0.75
SNP,2196.64,4.2e-05,0.75
SNP,2197.64,4.2e-05,0.75
SNP,2198.64,4.2e-05,0.75
SNP,2199.64,4.2e-05,0.75
SNP,2200.64,4.2e-05,0.75
SNP,2202.64,4.2e-05,0.75
SNP,2204.64,2.8e-05,0.666667
SNP,2205.64,2.8e-05,0.666667
SNP,2207.04,2.8e-05,0.666667
SNP,2207.64,2.8e-05,0.666667
SNP,2209.64,2.8e-05,0.666667
SNP,2210.64,2.8e-05,0.666667
SNP,2211.64,2.8e-05,0.666667
SNP,2212.64,2.8e-05,0.666667
SNP,2213.64,1.4e-05,0.5
SNP,2214.64,1.4e-05,0.5
SNP,2215.64,1.4e-05,0.5
SNP,2216.64,1.4e-05,0.5
SNP,2217.64,1.4e-05,0.5
SNP,2218.64,0,0
SNP,2223.64,0,0
SNP,2224.64,0,0
SNP,2225.64,0,0
SNP,2226.64,0,0
SNP,2227.64,0,0
SNP,2229.64,0,0
SNP,2230.64,0,0
SNP,2232.64,0,0
SNP,2233.64,0,0
SNP,2234.64,0,0
SNP,2235.64,0,0
SNP,2236.64,0,0
SNP,2239.06,0,0
SNP,2239.64,0,0
SNP,2242.64,0,0
SNP,2243.64,0,0
SNP,2244.64,0,0
SNP,2245.64,0,0
SNP,2247.64,0,0
SNP,2248.64,0,0
SNP,2249.64,0,0
SNP,2250.64,0,0
SNP,2251.64,0,0
SNP,2252.64,0,0
SNP,2253.64,0,0
SNP,2254.64,0,0
SNP,2255.64,0,0
SNP,2256.64,0,0
SNP,2258.64,0,0
SNP,2259.64,0,0
SNP,2261.64,0,0
SNP,2263.64,0,0
SNP,2264.64,0,0
SNP,2265.64,0,0
SNP,2267.64,0,0
SNP,2268.64,0,0
SNP,2269.64,0,0
SNP,2270.64,0,0
SNP,2272.64,0,0
SNP,2273.64,0,0
SNP,2274.64,0,0
SNP,2275.64,0,0
SNP,2276.64,0,0
SNP,2277.64,0,0
SNP,2278.64,0,0
SNP,2279.64,0,0
SNP,2280.64,0,0
SNP,2281.64,0,0
SNP,2282.64,0,0
SNP,2284.64,0,0
SNP,2285.64,0,0
SNP,2286.64,0,0
SNP,2287.64,0,0
SNP,2288.64,0,0
SNP,2289.64,0,0
SNP,2291.64,0,0
SNP,2292.64,0,0
SNP,2294.64,0,0
SNP,2295.64,0,0
SNP,2297.64,0,0
SNP,2298.64,0,0
SNP,2299.64,0,0
SNP,2300.64,0,0
SNP,2301.64,0,0
SNP,2307.64,0,0
SNP,2308.64,0,0
SNP,2309.64,0,0
SNP,2310.64,0,0
SNP,2311.64,0,0
SNP,2315.64,0,0
SNP,2316.64,0,0
SNP,2317.64,0,0
SNP,2319.64,0,0
SNP,2320.64,0,0
SNP,2322.64,0,0
SNP,2323.64,0,0
SNP,2325.64,0,0
SNP,2326.64,0,0
SNP,2327.64,0,0
SNP,2331.64,0,0
SNP,2332.64,0,0
SNP,2333.64,0,0
SNP,2335.64,0,0
SNP,2337.64,0,0
SNP,2338.64,0,0
SNP,2339.64,0,0
SNP,2340.64,0,0
SNP,2343.64,0,0
SNP,2344.64,0,0
SNP,2346.64,0,0
SNP,2349.64,0,0
SNP,2350.64,0,0
SNP,2351.64,0,0
SNP,2352.64,0,0
SNP,2353.64,0,0
SNP,2356.64,0,0
SNP,2359.64,0,0
SNP,98782.1,0,0
INDEL,0,0.976457,0.988111
INDEL,30.44,0.976457,0.988111
INDEL,31.44,0.97619,0.98811
INDEL,32.28,0.97619,0.98811
INDEL,33.6,0.976013,0.988108
INDEL,34.2,0.976013,0.988108
INDEL,35.2,0.975924,0.988107
INDEL,36.2,0.975835,0.988106
INDEL,36.94,0.975835,0.988106
INDEL,37.6,0.975835,0.988106
INDEL,38.2,0.975657,0.988189
INDEL,38.94,0.97548,0.988187
INDEL,39.6,0.97548,0.988187
INDEL,40.6,0.975213,0.988184
INDEL,41.27,0.974858,0.988352
INDEL,41.8,0.974769,0.988437
INDEL,42.6,0.974769,0.988437
INDEL,43.19,0.974591,0.988435
INDEL,43.78,0.974325,0.988518
INDEL,44.47,0.974325,0.988518
INDEL,45.6,0.973969,0.988514
INDEL,46.27,0.973792,0.988598
INDEL,46.8,0.973703,0.988683
INDEL,47.47,0.973703,0.988769
INDEL,48.6,0.973525,0.988854
INDEL,49.28,0.973436,0.988852
INDEL,50.26,0.973348,0.988851
INDEL,50.8,0.973081,0.988848
INDEL,51.6,0.973081,0.988848
INDEL,52.2,0.972814,0.988845
INDEL,52.78,0.972548,0.988929
INDEL,53.6,0.97237,0.988928
INDEL,54.26,0.972015,0.988923
INDEL,55,0.971482,0.988917
INDEL,55.6,0.971482,0.988917
INDEL,56.17,0.971127,0.989086
INDEL,56.7,0.971127,0.989172
INDEL,57.28,0.971127,0.989259
INDEL,57.93,0.970949,0.989257
INDEL,58.6,0.97086,0.989257
INDEL,59.28,0.970682,0.989254
INDEL,60.03,0.970416,0.989251
INDEL,60.6,0.970416,0.989251
INDEL,61.28,0.97006,0.989246
INDEL,61.8,0.969261,0.989325
INDEL,62.6,0.969261,0.989325
INDEL,63.27,0.969083,0.989324
INDEL,64.02,0.968905,0.989322
INDEL,64.6,0.968905,0.989322
INDEL,65.11,0.968372,0.989489
INDEL,65.8,0.968017,0.989486
INDEL,66.6,0.967839,0.989483
INDEL,67.2,0.967573,0.989481
INDEL,67.8,0.96704,0.989562
INDEL,68.6,0.96704,0.989562
INDEL,69.28,0.96704,0.989649
INDEL,70.01,0.966684,0.989645
INDEL,70.6,0.966684,0.989645
INDEL,71.16,0.96624,0.989728
INDEL,71.8,0.965796,0.989723
INDEL,72.59,0.965796,0.989723
INDEL,73.16,0.965529,0.989721
INDEL,73.74,0.965085,0.989716
INDEL,74.26,0.965085,0.989715
INDEL,74.78,0.964819,0.9898
INDEL,75.6,0.96473,0.9898
INDEL,76.6,0.964286,0.989968
INDEL,77.28,0.964108,0.989967
INDEL,77.94,0.963575,0.989962
INDEL,78.6,0.963486,0.990048
INDEL,79.2,0.96322,0.990133
INDEL,79.92,0.962509,0.990126
INDEL,80.6,0.962509,0.990126
INDEL,81.6,0.962065,0.990121
INDEL,82.6,0.961176,0.990112
INDEL,83.55,0.960643,0.990195
INDEL,84.6,0.959932,0.990187
INDEL,85.6,0.959666,0.990185
INDEL,86.6,0.959399,0.990357
INDEL,87.2,0.958866,0.990351
INDEL,87.8,0.958422,0.990347
INDEL,88.6,0.958156,0.990344
INDEL,89.6,0.957534,0.990337
INDEL,90.6,0.956912,0.990333
INDEL,91.6,0.956379,0.990326
INDEL,92.27,0.955846,0.990409
INDEL,92.8,0.955579,0.990406
INDEL,93.6,0.955579,0.990406
INDEL,94.57,0.955135,0.990402
INDEL,95.6,0.954869,0.990575
INDEL,96.2,0.954335,0.990658
INDEL,96.78,0.953802,0.990742
INDEL,97.54,0.953802,0.990742
INDEL,98.1,0.953269,0.990914
INDEL,98.8,0.952292,0.990904
INDEL,99.6,0.952203,0.990904
INDEL,100.2,0.95167,0.990899
INDEL,101.02,0.951137,0.990894
INDEL,101.6,0.951048,0.990894
INDEL,102.6,0.950515,0.990977
INDEL,103.44,0.950071,0.990972
INDEL,103.97,0.949538,0.990968
INDEL,104.6,0.949538,0.990967
INDEL,105.26,0.949183,0.990964
INDEL,105.8,0.948827,0.990961
INDEL,106.6,0.948738,0.99096
INDEL,107.44,0.947228,0.990948
INDEL,107.97,0.946962,0.990946
INDEL,108.6,0.946962,0.990946
INDEL,109.6,0.946606,0.990943
INDEL,110.44,0.945718,0.991023
INDEL,110.95,0.945185,0.991108
INDEL,111.6,0.945185,0.991108
INDEL,112.6,0.944652,0.991103
INDEL,113.2,0.943586,0.991094
INDEL,113.8,0.943053,0.991088
INDEL,114.44,0.943053,0.991088
INDEL,115.2,0.942431,0.991083
INDEL,115.77,0.942164,0.991259
INDEL,116.57,0.942075,0.991257
INDEL,117.29,0.94092,0.991247
INDEL,117.8,0.940299,0.991242
INDEL,118.6,0.94021,0.991241
INDEL,119.6,0.939677,0.991416
INDEL,120.6,0.938611,0.991405
INDEL,121.56,0.938077,0.9914
INDEL,122.26,0.937633,0.991577
INDEL,122.8,0.937189,0.991573
INDEL,123.49,0.937189,0.991573
INDEL,124.01,0.936478,0.991567
INDEL,124.6,0.936389,0.991565
INDEL,125.6,0.935679,0.991559
INDEL,126.6,0.935057,0.991734
INDEL,127.26,0.934435,0.991729
INDEL,127.92,0.933547,0.991721
INDEL,128.6,0.933458,0.99172
INDEL,129.6,0.933014,0.991717
INDEL,130.6,0.931681,0.991796
INDEL,131.6,0.930526,0.991785
INDEL,132.28,0.929815,0.991779
INDEL,132.93,0.928927,0.99177
INDEL,133.6,0.928838,0.99177
INDEL,134.6,0.928216,0.991855
INDEL,135.6,0.927239,0.991848
INDEL,136.6,0.926795,0.991842
INDEL,137.44,0.925995,0.991836
INDEL,137.98,0.925284,0.991921
INDEL,138.6,0.925284,0.991921
INDEL,139.6,0.924129,0.991912
INDEL,140.13,0.922886,0.991901
INDEL,140.67,0.922441,0.991898
INDEL,141.6,0.922353,0.991895
INDEL,142.28,0.921819,0.991892
INDEL,142.8,0.920398,0.992063
INDEL,143.6,0.920398,0.992062
INDEL,144.26,0.919687,0.992057
INDEL,144.77,0.918799,0.99205
INDEL,145.6,0.918621,0.992139
INDEL,146.6,0.917555,0.992222
INDEL,147.6,0.916045,0.992209
INDEL,148.6,0.914801,0.992199
INDEL,149.12,0.913913,0.992283
INDEL,149.93,0.913468,0.992373
INDEL,150.6,0.913202,0.992371
INDEL,151.6,0.912402,0.992457
INDEL,152.26,0.910448,0.992532
INDEL,152.93,0.909826,0.992528
INDEL,153.6,0.909737,0.992528
INDEL,154.6,0.908582,0.992517
INDEL,155.6,0.907427,0.992695
INDEL,156.6,0.906805,0.992689
INDEL,157.26,0.905917,0.992683
INDEL,157.8,0.904762,0.992768
INDEL,158.6,0.904584,0.992767
INDEL,159.26,0.903873,0.992761
INDEL,159.92,0.902896,0.992754
INDEL,160.6,0.902807,0.992847
INDEL,161.26,0.901564,0.992837
INDEL,161.92,0.90032,0.992827
INDEL,162.6,0.900231,0.992827
INDEL,163.6,0.899609,0.992821
INDEL,164.6,0.898454,0.992907
INDEL,165.6,0.897122,0.992895
INDEL,166.6,0.895878,0.992981
INDEL,167.34,0.895078,0.992974
INDEL,167.86,0.894279,0.992968
INDEL,168.59,0.894279,0.993063
INDEL,169.28,0.892857,0.993052
INDEL,169.93,0.891791,0.993044
INDEL,170.6,0.891702,0.993042
INDEL,171.12,0.890725,0.993035
INDEL,171.64,0.889392,0.993026
INDEL,172.6,0.889215,0.993024
INDEL,173.28,0.88806,0.993205
INDEL,173.92,0.886905,0.993197
INDEL,174.6,0.886816,0.993197
INDEL,175.6,0.885839,0.99319
INDEL,176.3,0.884773,0.993182
INDEL,176.92,0.883706,0.993174
INDEL,177.6,0.883618,0.993173
INDEL,178.6,0.882818,0.993168
INDEL,179.6,0.881308,0.993252
INDEL,180.6,0.880508,0.993247
INDEL,181.6,0.879531,0.993335
INDEL,182.6,0.877932,0.993322
INDEL,183.6,0.876688,0.993314
INDEL,184.2,0.875888,0.993309
INDEL,184.92,0.874911,0.993302
INDEL,185.6,0.874822,0.993495
INDEL,186.43,0.873756,0.993486
INDEL,186.97,0.872601,0.993575
INDEL,187.5,0.872601,0.993575
INDEL,188.01,0.871002,0.993563
INDEL,188.57,0.870913,0.993563
INDEL,189.6,0.869492,0.993553
INDEL,190.6,0.868959,0.993646
INDEL,191.41,0.867982,0.993639
INDEL,191.93,0.866205,0.993627
INDEL,192.6,0.866027,0.993723
INDEL,193.6,0.864961,0.993715
INDEL,194.26,0.863806,0.993706
INDEL,194.93,0.862562,0.993698
INDEL,195.6,0.862473,0.993698
INDEL,196.6,0.861674,0.993691
INDEL,197.2,0.860785,0.993686
INDEL,197.95,0.859986,0.99368
INDEL,198.6,0.859986,0.99368
INDEL,199.6,0.859542,0.993678
INDEL,200.27,0.858298,0.993668
INDEL,200.92,0.857054,0.993658
INDEL,201.6,0.856787,0.993656
INDEL,202.6,0.855455,0.993646
INDEL,203.6,0.853678,0.993632
INDEL,204.37,0.852345,0.993723
INDEL,205,0.851102,0.993714
INDEL,205.6,0.851013,0.993713
INDEL,206.26,0.849414,0.993701
INDEL,206.92,0.848703,0.993696
INDEL,207.6,0.848614,0.993696
INDEL,208.6,0.847726,0.993689
INDEL,209.6,0.846127,0.993677
INDEL,210.6,0.844705,0.993766
INDEL,211.47,0.843817,0.99376
INDEL,212.02,0.842484,0.99385
INDEL,212.6,0.842217,0.99385
INDEL,213.57,0.840441,0.993837
INDEL,214.6,0.838753,0.993824
INDEL,215.6,0.836532,0.993809
INDEL,216.6,0.834488,0.993794
INDEL,217.6,0.833156,0.993784
INDEL,218.6,0.83129,0.993772
INDEL,219.6,0.830402,0.993765
INDEL,220.6,0.829513,0.993758
INDEL,221.2,0.828714,0.993752
INDEL,221.93,0.827914,0.993746
INDEL,222.58,0.827381,0.993742
INDEL,223.6,0.825426,0.99383
INDEL,224.6,0.823738,0.993819
INDEL,225.36,0.822761,0.993811
INDEL,226,0.821429,0.993801
INDEL,226.6,0.821162,0.9938
INDEL,227.6,0.818763,0.993886
INDEL,228.6,0.81823,0.993881
INDEL,229.6,0.817608,0.993876
INDEL,230.6,0.81592,0.993863
INDEL,231.6,0.814144,0.993955
INDEL,232.6,0.813255,0.993948
INDEL,233.6,0.8121,0.993939
INDEL,234.6,0.810856,0.993932
INDEL,235.6,0.809701,0.994027
INDEL,236.6,0.808191,0.994016
INDEL,237.6,0.80748,0.994012
INDEL,238.48,0.806503,0.994004
INDEL,239.02,0.805171,0.993996
INDEL,239.6,0.805082,0.993994
INDEL,240.49,0.803927,0.99409
INDEL,241.01,0.802416,0.994079
INDEL,241.6,0.802239,0.994078
INDEL,242.6,0.800817,0.99407
INDEL,243.6,0.799751,0.994166
INDEL,244.6,0.798596,0.994158
INDEL,245.6,0.796731,0.994145
INDEL,246.26,0.796109,0.994247
INDEL,247.01,0.795309,0.994241
INDEL,247.6,0.795131,0.994241
INDEL,248.6,0.793799,0.99423
INDEL,249.6,0.792555,0.994329
INDEL,250.48,0.791222,0.994425
INDEL,251,0.788735,0.994408
INDEL,251.6,0.788646,0.994408
INDEL,252.6,0.787136,0.994398
INDEL,253.6,0.785714,0.994388
INDEL,254.6,0.783937,0.994374
INDEL,255.26,0.782871,0.994475
INDEL,255.93,0.781539,0.994466
INDEL,256.6,0.781272,0.99468
INDEL,257.6,0.77994,0.99467
INDEL,258.6,0.779407,0.994668
INDEL,259.6,0.777985,0.994873
INDEL,260.6,0.775853,0.99486
INDEL,261.6,0.774431,0.99485
INDEL,262.6,0.772743,0.994837
INDEL,263.24,0.770611,0.994824
INDEL,264.01,0.76919,0.994815
INDEL,264.6,0.768923,0.994923
INDEL,265.6,0.768213,0.995029
INDEL,266.6,0.766702,0.995128
INDEL,267.6,0.765725,0.995343
INDEL,268.6,0.764481,0.995335
INDEL,269.6,0.763593,0.99533
INDEL,270.6,0.761994,0.995322
INDEL,271.6,0.76075,0.995313
INDEL,272.6,0.758262,0.99541
INDEL,273.6,0.757107,0.995514
INDEL,274.6,0.75613,0.995509
INDEL,275.6,0.754442,0.995499
INDEL,276.6,0.753021,0.995604
INDEL,277.24,0.751066,0.995704
INDEL,277.97,0.749467,0.995695
INDEL,278.6,0.7492,0.995693
INDEL,279.6,0.748045,0.995687
INDEL,280.6,0.746802,0.995679
INDEL,281.6,0.744581,0.995667
INDEL,282.6,0.742982,0.995657
INDEL,283.6,0.74156,0.995763
INDEL,284.44,0.739694,0.995867
INDEL,285.02,0.738006,0.995858
INDEL,285.6,0.737918,0.995858
INDEL,286.6,0.735874,0.995846
INDEL,287.58,0.734009,0.995835
INDEL,288.22,0.732676,0.995829
INDEL,288.98,0.731521,0.995823
INDEL,289.6,0.731254,0.995821
INDEL,290.6,0.729922,0.995814
INDEL,291.6,0.729122,0.995925
INDEL,292.6,0.728234,0.995921
INDEL,293.6,0.726279,0.995911
INDEL,294.6,0.725213,0.995904
INDEL,295.6,0.723525,0.995896
INDEL,296.6,0.721926,0.996121
INDEL,297.6,0.720593,0.996113
INDEL,298.6,0.718994,0.996106
INDEL,299.6,0.717662,0.996098
INDEL,300.6,0.716862,0.99633
INDEL,301.6,0.715618,0.996324
INDEL,302.6,0.71393,0.996435
INDEL,303.6,0.712775,0.996429
INDEL,304.6,0.71091,0.99642
INDEL,305.6,0.709844,0.996414
INDEL,306.6,0.7086,0.996407
INDEL,307.6,0.706468,0.996517
INDEL,308.6,0.705313,0.996511
INDEL,309.6,0.704424,0.996506
INDEL,310.6,0.703358,0.996501
INDEL,311.6,0.701315,0.996491
INDEL,312.6,0.700693,0.996489
INDEL,313.6,0.699449,0.996482
INDEL,314.6,0.697317,0.996472
INDEL,315.6,0.695896,0.996465
INDEL,316.6,0.694741,0.996581
INDEL,317.6,0.69323,0.996575
INDEL,318.6,0.691898,0.996568
INDEL,319.6,0.69021,0.99656
INDEL,320.6,0.688788,0.996552
INDEL,321.6,0.687278,0.996544
INDEL,322.26,0.686034,0.996538
INDEL,323,0.684879,0.996533
INDEL,323.6,0.68479,0.996532
INDEL,324.6,0.683635,0.996649
INDEL,325.6,0.68248,0.996644
INDEL,326.6,0.680881,0.996636
INDEL,327.6,0.679726,0.996754
INDEL,328.6,0.678571,0.99675
INDEL,329.6,0.676617,0.996741
INDEL,330.6,0.674929,0.996732
INDEL,331.6,0.673241,0.996723
INDEL,332.13,0.670931,0.996965
INDEL,333,0.670131,0.996961
INDEL,333.59,0.670043,0.996961
INDEL,334.6,0.668088,0.996952
INDEL,335.6,0.665334,0.99694
INDEL,336.6,0.663913,0.996934
INDEL,337.6,0.662669,0.996928
INDEL,338.6,0.660892,0.996921
INDEL,339.6,0.65876,0.996911
INDEL,340.6,0.657516,0.996904
INDEL,341.6,0.655384,0.997024
INDEL,342.6,0.654229,0.997019
INDEL,343.24,0.653518,0.997016
INDEL,344.02,0.651208,0.997006
INDEL,344.6,0.651119,0.997005
INDEL,345.6,0.649876,0.997
INDEL,346.6,0.647921,0.996991
INDEL,347.6,0.646411,0.996983
INDEL,348.17,0.644989,0.996977
INDEL,349,0.643834,0.996972
INDEL,349.6,0.643568,0.996969
INDEL,350.6,0.642324,0.996963
INDEL,351.27,0.640725,0.997088
INDEL,351.92,0.639925,0.997085
INDEL,352.6,0.639659,0.997084
INDEL,353.3,0.638415,0.997079
INDEL,354.01,0.637527,0.997075
INDEL,354.6,0.637082,0.997073
INDEL,355.6,0.635572,0.997066
INDEL,356.6,0.633618,0.997057
INDEL,357.6,0.632285,0.997052
INDEL,358.6,0.631041,0.997046
INDEL,359.6,0.629442,0.997039
INDEL,360.6,0.627932,0.997032
INDEL,361.6,0.626688,0.997026
INDEL,362.6,0.625977,0.997022
INDEL,363.6,0.624289,0.997014
INDEL,364.6,0.623045,0.997144
INDEL,365.6,0.621624,0.997137
INDEL,366.6,0.620291,0.997132
INDEL,367.6,0.618692,0.997124
INDEL,368.6,0.616827,0.997116
INDEL,369.6,0.615227,0.997108
INDEL,370.6,0.613806,0.997102
INDEL,371.6,0.611851,0.997093
INDEL,372.6,0.610785,0.997088
INDEL,373.6,0.609808,0.997084
INDEL,374.6,0.608031,0.997076
INDEL,375.6,0.60661,0.997069
INDEL,376.6,0.605988,0.997066
INDEL,377.6,0.603412,0.997054
INDEL,378.6,0.602967,0.997052
INDEL,379.6,0.601457,0.997044
INDEL,380.6,0.599414,0.997035
INDEL,381.6,0.598436,0.997029
INDEL,382.6,0.596393,0.997019
INDEL,383.6,0.594616,0.997011
INDEL,384.12,0.593994,0.997007
INDEL,384.64,0.592928,0.997002
INDEL,385.6,0.592662,0.997143
INDEL,386.6,0.591329,0.997135
INDEL,387.6,0.590707,0.997132
INDEL,388.6,0.588664,0.997122
INDEL,389.6,0.587242,0.997115
INDEL,390.6,0.586087,0.99711
INDEL,391.6,0.584311,0.997245
INDEL,392.6,0.582445,0.997382
INDEL,393.38,0.581379,0.997377
INDEL,394.01,0.580313,0.997373
INDEL,394.6,0.580046,0.997371
INDEL,395.6,0.578358,0.997364
INDEL,396.6,0.577203,0.997358
INDEL,397.6,0.576226,0.997352
INDEL,398.59,0.57436,0.997343
INDEL,399.6,0.573205,0.997338
INDEL,400.6,0.572228,0.997333
INDEL,401.6,0.571162,0.997328
INDEL,402.6,0.569918,0.997323
INDEL,403.6,0.567786,0.99731
INDEL,404.6,0.566098,0.997303
INDEL,405.6,0.564499,0.997296
INDEL,406.6,0.563255,0.99729
INDEL,407.6,0.560768,0.997278
INDEL,408.6,0.559701,0.997272
INDEL,409.6,0.558547,0.997266
INDEL,410.3,0.557303,0.997261
INDEL,411.6,0.556237,0.997255
INDEL,412.6,0.554904,0.99725
INDEL,413.6,0.554104,0.997246
INDEL,414.6,0.552683,0.99724
INDEL,415.6,0.551617,0.997235
INDEL,416.6,0.549662,0.997225
INDEL,417.6,0.548774,0.997529
INDEL,418.6,0.547264,0.997521
INDEL,419.6,0.545487,0.997514
INDEL,420.6,0.544687,0.99751
INDEL,421.6,0.543799,0.997505
INDEL,422.6,0.541134,0.997493
INDEL,423.6,0.540068,0.997487
INDEL,424.6,0.53909,0.997483
INDEL,425.6,0.53678,0.997473
INDEL,426.6,0.535892,0.997469
INDEL,427.6,0.534737,0.997463
INDEL,428.38,0.532605,0.997613
INDEL,428.92,0.531272,0.997607
INDEL,429.6,0.530917,0.997605
INDEL,430.6,0.529673,0.9976
INDEL,431.6,0.527719,0.997592
INDEL,432.6,0.526919,0.997588
INDEL,433.6,0.525942,0.997584
INDEL,434.6,0.524165,0.997575
INDEL,435.6,0.522566,0.997568
INDEL,436.6,0.521322,0.997725
INDEL,437.6,0.519812,0.997718
INDEL,438.6,0.518568,0.997713
INDEL,439.6,0.517502,0.997708
INDEL,440.6,0.515725,0.997701
INDEL,441.6,0.514392,0.997694
INDEL,442.6,0.51377,0.997692
INDEL,443.6,0.51226,0.997686
INDEL,444.6,0.511372,0.997681
INDEL,445.6,0.510572,0.997678
INDEL,446.6,0.508706,0.997669
INDEL,447.6,0.507463,0.997664
INDEL,448.13,0.506397,0.997658
INDEL,449.03,0.504797,0.997651
INDEL,449.6,0.50462,0.997651
INDEL,450.6,0.503465,0.997645
INDEL,451.6,0.502754,0.997643
INDEL,452.6,0.500977,0.997634
INDEL,453.6,0.500089,0.997629
INDEL,454.6,0.499467,0.997626
INDEL,455.6,0.497868,0.997619
INDEL,456.6,0.496269,0.997611
INDEL,457.6,0.49467,0.997604
INDEL,458.6,0.492893,0.997595
INDEL,459.6,0.492093,0.997592
INDEL,460.6,0.490849,0.997587
INDEL,461.6,0.488984,0.997577
INDEL,462.49,0.487651,0.997571
INDEL,463.02,0.487207,0.997568
INDEL,463.6,0.486851,0.997566
INDEL,464.6,0.484719,0.997555
INDEL,465.6,0.484097,0.997552
INDEL,466.6,0.482676,0.997545
INDEL,467.6,0.480633,0.997535
INDEL,468.6,0.479744,0.997531
INDEL,469.6,0.478767,0.997526
INDEL,470.6,0.477701,0.99752
INDEL,471.6,0.476546,0.997514
INDEL,472.6,0.475124,0.997507
INDEL,473.6,0.474058,0.997501
INDEL,474.6,0.473081,0.997495
INDEL,475.6,0.472104,0.997487
INDEL,476.6,0.470771,0.99748
INDEL,477.6,0.469794,0.997475
INDEL,478.6,0.468195,0.997465
INDEL,479.6,0.466862,0.997459
INDEL,480.6,0.465885,0.997453
INDEL,481.6,0.464108,0.997443
INDEL,482.6,0.462598,0.997618
INDEL,483.6,0.461176,0.997611
INDEL,484.6,0.460288,0.997606
INDEL,485.6,0.459133,0.997599
INDEL,486.49,0.458511,0.997596
INDEL,487.02,0.458333,0.997595
INDEL,487.6,0.458067,0.997594
INDEL,488.6,0.456823,0.997773
INDEL,489.6,0.456023,0.997769
INDEL,490.6,0.455402,0.997767
INDEL,491.6,0.454335,0.997761
INDEL,492.6,0.453714,0.997758
INDEL,493.6,0.452559,0.997752
INDEL,494.6,0.450693,0.997932
INDEL,495.6,0.449805,0.997928
INDEL,496.6,0.448916,0.997923
INDEL,497.6,0.447495,0.998294
INDEL,498.6,0.446784,0.998292
INDEL,499.6,0.446162,0.99829
INDEL,500.6,0.444563,0.998283
INDEL,501.6,0.443497,0.998279
INDEL,502.6,0.44252,0.998275
INDEL,503.6,0.441187,0.998462
INDEL,504.6,0.440387,0.998459
INDEL,505.6,0.439765,0.998456
INDEL,506.6,0.438344,0.998451
INDEL,507.48,0.437011,0.998446
INDEL,508.01,0.436034,0.998443
INDEL,508.6,0.435501,0.99883
INDEL,509.6,0.434613,0.998828
INDEL,510.6,0.43408,0.998826
INDEL,511.6,0.43328,0.998823
INDEL,512.6,0.431947,0.99882
INDEL,513.6,0.431059,0.998818
INDEL,514.6,0.430437,0.998816
INDEL,515.6,0.429193,0.998813
INDEL,516.6,0.428305,0.99881
INDEL,517.6,0.428127,0.99881
INDEL,518.6,0.426439,0.998805
INDEL,519.6,0.425373,0.998802
INDEL,520.6,0.42484,0.9988
INDEL,521.6,0.423685,0.998797
INDEL,522.6,0.422797,0.998794
INDEL,523.6,0.422264,0.998792
INDEL,524.6,0.421642,0.998791
INDEL,525.6,0.420842,0.998789
INDEL,526.6,0.419954,0.998786
INDEL,527.6,0.418888,0.998783
INDEL,528.6,0.418266,0.998781
INDEL,529.6,0.417377,0.998779
INDEL,530.6,0.416134,0.998775
INDEL,531.6,0.414712,0.998771
INDEL,532.6,0.413735,0.998768
INDEL,533.6,0.412846,0.998766
INDEL,534.6,0.412402,0.998764
INDEL,535.6,0.411692,0.998762
INDEL,536.6,0.410448,0.998759
INDEL,537.6,0.409737,0.998757
INDEL,538.6,0.408582,0.998754
INDEL,539.6,0.40796,0.998752
INDEL,540.6,0.407427,0.99875
INDEL,541.6,0.406539,0.998747
INDEL,542.6,0.405117,0.998952
INDEL,543.6,0.404229,0.99895
INDEL,544.6,0.403873,0.998949
INDEL,545.6,0.402097,0.998944
INDEL,546.6,0.401475,0.998942
INDEL,547.6,0.400764,0.99894
INDEL,548.6,0.399609,0.998937
INDEL,549.6,0.398721,0.998934
INDEL,550.6,0.397743,0.998932
INDEL,551.6,0.396855,0.998929
INDEL,552.6,0.3965,0.998928
INDEL,553.6,0.395434,0.998925
INDEL,554.6,0.394456,0.998922
INDEL,555.6,0.393746,0.998921
INDEL,556.6,0.392591,0.998918
INDEL,557.6,0.390903,0.998913
INDEL,558.6,0.39037,0.998911
INDEL,559.6,0.388859,0.998907
INDEL,560.6,0.387171,0.998903
INDEL,561.6,0.386638,0.998901
INDEL,562.6,0.385928,0.998899
INDEL,563.6,0.385039,0.998897
INDEL,564.6,0.38424,0.998895
INDEL,565.6,0.383529,0.998893
INDEL,566.6,0.382463,0.998889
INDEL,567.6,0.381308,0.998886
INDEL,568.6,0.380508,0.998884
INDEL,569.6,0.37882,0.99888
INDEL,570.6,0.377665,0.998876
INDEL,571.6,0.376777,0.998873
INDEL,572.6,0.375533,0.998869
INDEL,573.6,0.374289,0.998865
INDEL,574.6,0.374112,0.998865
INDEL,575.6,0.372957,0.999089
INDEL,576.6,0.372157,0.999087
INDEL,577.6,0.371446,0.999085
INDEL,578.6,0.370647,0.999084
INDEL,579.6,0.370025,0.999082
INDEL,580.6,0.369492,0.999081
INDEL,581.6,0.368426,0.999078
INDEL,582.6,0.368159,0.999077
INDEL,583.6,0.367626,0.999076
INDEL,584.6,0.366205,0.999072
INDEL,585.6,0.365405,0.99907
INDEL,586.6,0.36505,0.999069
INDEL,587.6,0.363273,0.999065
INDEL,588.6,0.362829,0.999064
INDEL,589.6,0.36274,0.999064
INDEL,590.6,0.361763,0.999061
INDEL,591.6,0.361052,0.999059
INDEL,592.6,0.360163,0.999057
INDEL,593.6,0.359097,0.999054
INDEL,594.6,0.358742,0.999053
INDEL,595.6,0.357498,0.99905
INDEL,596.6,0.356343,0.999047
INDEL,597.6,0.355188,0.999044
INDEL,598.6,0.354211,0.999041
INDEL,599.6,0.353145,0.999038
INDEL,600.6,0.352523,0.999036
INDEL,601.6,0.351368,0.999034
INDEL,602.24,0.350657,0.999031
INDEL,603.02,0.350213,0.99903
INDEL,603.6,0.349858,0.999029
INDEL,604.6,0.348969,0.999026
INDEL,605.6,0.34817,0.999024
INDEL,606.6,0.347281,0.999021
INDEL,607.6,0.346127,0.999018
INDEL,608.6,0.345505,0.999262
INDEL,609.6,0.344439,0.99926
INDEL,610.6,0.34355,0.999258
INDEL,611.6,0.342573,0.999752
INDEL,612.6,0.341862,0.999751
INDEL,613.6,0.34124,0.999751
INDEL,614.6,0.339819,0.99975
INDEL,615.6,0.339019,0.999749
INDEL,616.6,0.337065,0.999747
INDEL,617.6,0.335999,0.999747
INDEL,618.6,0.335554,0.999746
INDEL,619.6,0.334844,0.999746
INDEL,620.13,0.334133,0.999745
INDEL,620.64,0.333511,0.999745
INDEL,621.6,0.333156,0.999745
INDEL,622.6,0.332356,0.999744
INDEL,623.6,0.331734,0.999743
INDEL,624.6,0.331112,0.999743
INDEL,625.6,0.330224,0.999742
INDEL,626.6,0.329335,0.999741
INDEL,627.6,0.328358,0.999741
INDEL,628.6,0.327381,0.99974
INDEL,629.6,0.326937,0.99974
INDEL,630.6,0.326315,0.999739
INDEL,631.6,0.326048,0.999739
INDEL,632.6,0.324982,0.999738
INDEL,633.6,0.324449,0.999738
INDEL,634.6,0.323738,0.999737
INDEL,635.6,0.323028,0.999736
INDEL,636.6,0.322406,0.999736
INDEL,637.17,0.32205,0.999736
INDEL,638.02,0.321517,0.999735
INDEL,638.6,0.321251,0.999735
INDEL,639.6,0.320362,0.999734
INDEL,640.6,0.319918,0.999734
INDEL,641.6,0.318852,0.999733
INDEL,642.6,0.318319,0.999732
INDEL,643.6,0.317697,0.999732
INDEL,644.6,0.31672,0.999731
INDEL,645.6,0.316276,0.999731
INDEL,646.6,0.315565,0.99973
INDEL,647.6,0.315032,0.99973
INDEL,648.6,0.314144,0.999729
INDEL,649.6,0.313166,0.999728
INDEL,650.6,0.3121,0.999727
INDEL,651.6,0.311212,0.999726
INDEL,652.6,0.310412,0.999725
INDEL,653.6,0.308813,0.999724
INDEL,654.6,0.307747,0.999723
INDEL,655.6,0.306414,0.999722
INDEL,656.6,0.305704,0.999721
INDEL,657.6,0.305171,0.999721
INDEL,658.6,0.304638,0.99972
INDEL,659.6,0.304104,0.99972
INDEL,660.6,0.30295,0.999719
INDEL,661.6,0.301439,0.999717
INDEL,662.6,0.300195,0.999716
INDEL,663.25,0.299307,0.999715
INDEL,664.03,0.298952,0.999715
INDEL,664.6,0.298774,0.999715
INDEL,665.6,0.297619,0.999713
INDEL,666.6,0.296997,0.999713
INDEL,667.6,0.296642,0.999712
INDEL,668.6,0.295576,0.999711
INDEL,669.6,0.295043,0.999711
INDEL,670.6,0.294687,0.99971
INDEL,671.6,0.293799,0.99971
INDEL,672.6,0.29291,0.999709
INDEL,673.6,0.2922,0.999708
INDEL,674.6,0.2914,0.999707
INDEL,675.6,0.290867,0.999707
INDEL,676.6,0.289801,0.999706
INDEL,677.6,0.289179,0.999705
INDEL,678.6,0.28909,0.999705
INDEL,679.6,0.288824,0.999705
INDEL,680.6,0.288202,0.999704
INDEL,681.6,0.287491,0.999703
INDEL,682.6,0.286692,0.999702
INDEL,683.6,0.285625,0.999701
INDEL,684.6,0.285004,0.9997
INDEL,685.6,0.284293,0.999699
INDEL,686.6,0.283404,0.999699
INDEL,687.6,0.282783,0.999698
INDEL,688.6,0.281983,0.999697
INDEL,689.6,0.281183,0.999696
INDEL,690.6,0.280561,0.999696
INDEL,691.6,0.279584,0.999695
INDEL,692.6,0.278785,0.999694
INDEL,693.6,0.278607,0.999694
INDEL,694.6,0.278074,0.999693
INDEL,695.6,0.27763,0.999692
INDEL,696.6,0.277008,0.999692
INDEL,697.6,0.275942,0.99969
INDEL,698.6,0.274876,0.999689
INDEL,699.6,0.274431,0.999689
INDEL,700.6,0.273099,0.999687
INDEL,701.6,0.272033,0.999686
INDEL,702.6,0.271233,0.999685
INDEL,703.6,0.270434,0.999684
INDEL,704.6,0.270078,0.999684
INDEL,705.6,0.269456,0.999683
INDEL,706.6,0.267679,0.999681
INDEL,707.6,0.266969,0.99968
INDEL,708.6,0.266613,0.999679
INDEL,709.6,0.265725,0.999679
INDEL,710.6,0.264748,0.999678
INDEL,711.6,0.264659,0.999677
INDEL,712.6,0.264392,0.999677
INDEL,713.6,0.263504,0.999676
INDEL,714.6,0.263237,0.999676
INDEL,715.6,0.262704,0.999675
INDEL,716.6,0.262349,0.999675
INDEL,717.59,0.261905,0.999674
INDEL,718.6,0.261549,0.999674
INDEL,719.6,0.260839,0.999673
INDEL,721.6,0.260306,0.999672
INDEL,722.6,0.260039,0.999672
INDEL,723.6,0.259684,0.999671
INDEL,724.6,0.259506,0.999671
INDEL,725.6,0.258884,0.99967
INDEL,726.6,0.258351,0.999669
INDEL,727.6,0.257463,0.999668
INDEL,728.6,0.256841,0.999668
INDEL,730.02,0.256219,0.999667
INDEL,730.6,0.255508,0.999666
INDEL,731.6,0.254975,0.999665
INDEL,732.6,0.254353,0.999664
INDEL,733.6,0.253554,0.999663
INDEL,734.6,0.252932,0.999663
INDEL,735.6,0.252221,0.999662
INDEL,736.6,0.25151,0.999661
INDEL,737.6,0.250977,0.99966
INDEL,738.6,0.250622,0.999659
INDEL,739.6,0.250178,0.999659
INDEL,740.6,0.249289,0.999657
INDEL,741.6,0.248934,0.999657
INDEL,742.6,0.24849,0.999656
INDEL,744.02,0.247868,0.999656
INDEL,744.6,0.24769,0.999655
INDEL,745.6,0.247335,0.999655
INDEL,746.6,0.246446,0.999654
INDEL,747.6,0.246002,0.999653
INDEL,748.6,0.24538,0.999652
INDEL,750.02,0.244847,0.999651
INDEL,750.6,0.244581,0.999651
INDEL,751.6,0.24307,0.999649
INDEL,752.6,0.242537,0.999648
INDEL,753.6,0.242448,0.999648
INDEL,754.6,0.242004,0.999647
INDEL,755.6,0.241827,0.999647
INDEL,756.6,0.241649,0.999647
INDEL,757.6,0.241471,0.999646
INDEL,758.6,0.240672,0.999645
INDEL,759.6,0.240139,0.999644
INDEL,760.6,0.239606,0.999644
INDEL,761.6,0.238984,0.999642
INDEL,762.6,0.238451,0.999642
INDEL,763.6,0.237651,0.999641
INDEL,764.6,0.23694,0.999639
INDEL,765.6,0.236318,0.999638
INDEL,766.6,0.235963,0.999638
INDEL,767.6,0.235341,0.999637
INDEL,768.6,0.234719,0.999636
INDEL,769.6,0.234542,0.999636
INDEL,770.6,0.234186,0.999635
INDEL,771.26,0.233298,0.999634
INDEL,772.02,0.233298,0.999634
INDEL,772.6,0.232232,0.999632
INDEL,773.6,0.231699,0.999631
INDEL,774.6,0.231166,0.99963
INDEL,775.6,0.230277,0.999629
INDEL,776.6,0.229833,0.999628
INDEL,777.6,0.229478,0.999628
INDEL,778.6,0.229122,0.999627
INDEL,779.6,0.228767,0.999627
INDEL,780.6,0.228145,0.999626
INDEL,781.6,0.227434,0.999624
INDEL,782.6,0.227079,0.999624
INDEL,783.6,0.226546,0.999623
INDEL,784.6,0.225835,0.999621
INDEL,785.6,0.22548,0.999621
INDEL,786.6,0.225036,0.99962
INDEL,787.6,0.224414,0.999619
INDEL,788.6,0.223614,0.999618
INDEL,789.6,0.223081,0.999617
INDEL,790.6,0.222637,0.999616
INDEL,791.6,0.222015,0.999615
INDEL,792.6,0.221482,0.999614
INDEL,793.6,0.221127,0.999614
INDEL,794.6,0.220149,0.999612
INDEL,795.6,0.219616,0.999611
INDEL,796.6,0.218372,0.999609
INDEL,797.6,0.217573,0.999608
INDEL,798.6,0.217395,0.999607
INDEL,799.6,0.21704,0.999607
INDEL,800.6,0.21624,0.999605
INDEL,801.6,0.215707,0.999604
INDEL,802.6,0.215441,0.999604
INDEL,803.6,0.215174,0.999603
INDEL,805.02,0.21473,0.999602
INDEL,805.6,0.214286,0.999601
INDEL,806.6,0.213397,0.9996
INDEL,807.6,0.213131,0.999599
INDEL,808.6,0.212509,0.999598
INDEL,809.49,0.212154,0.999597
INDEL,810.02,0.211887,0.999597
INDEL,810.6,0.211532,0.999596
INDEL,811.6,0.210821,0.999594
INDEL,812.6,0.210466,0.999594
INDEL,813.6,0.21011,0.999593
INDEL,814.6,0.209666,0.999592
INDEL,815.6,0.209222,0.999591
INDEL,816.6,0.2086,0.99959
INDEL,817.48,0.208156,0.999589
INDEL,818.03,0.207889,0.999588
INDEL,818.6,0.2078,0.999588
INDEL,819.6,0.207445,0.999587
INDEL,820.3,0.20709,0.999587
INDEL,821.03,0.207001,0.999586
INDEL,821.6,0.206734,0.999586
INDEL,822.6,0.206379,0.999585
INDEL,823.6,0.205846,0.999584
INDEL,824.6,0.20549,0.999584
INDEL,825.6,0.205224,0.999583
INDEL,826.6,0.20478,0.999582
INDEL,827.6,0.204069,0.999581
INDEL,828.6,0.203714,0.99958
INDEL,829.2,0.202736,0.999578
INDEL,830.02,0.202647,0.999578
INDEL,831.03,0.201759,0.999576
INDEL,831.6,0.201315,0.999575
INDEL,832.6,0.200871,0.999574
INDEL,833.6,0.200249,0.999573
INDEL,834.6,0.199716,0.999572
INDEL,835.6,0.199005,0.999571
INDEL,836.6,0.198205,0.999568
INDEL,837.6,0.19785,0.999568
INDEL,838.6,0.197672,0.999567
INDEL,839.6,0.197228,0.999566
INDEL,840.6,0.196784,0.999565
INDEL,841.6,0.194829,0.999561
INDEL,842.6,0.19403,0.999559
INDEL,843.6,0.193319,0.999558
INDEL,844.6,0.192253,0.999555
INDEL,846.03,0.191809,0.999554
INDEL,846.6,0.191187,0.999553
INDEL,847.6,0.191009,0.999552
INDEL,848.6,0.190476,0.999551
INDEL,849.6,0.190121,0.99955
INDEL,850.6,0.189765,0.999549
INDEL,851.6,0.18941,0.999548
INDEL,852.6,0.18941,0.999548
INDEL,853.6,0.189144,0.999548
INDEL,854.6,0.188788,0.999546
INDEL,855.6,0.188344,0.999545
INDEL,856.6,0.188077,0.999545
INDEL,857.6,0.187811,0.999544
INDEL,858.6,0.187367,0.999543
INDEL,860.03,0.187011,0.999543
INDEL,861.02,0.186478,0.999541
INDEL,861.6,0.185856,0.99954
INDEL,862.6,0.18559,0.999539
INDEL,864.02,0.185323,0.999538
INDEL,864.6,0.185146,0.999538
INDEL,865.6,0.184879,0.999537
INDEL,866.6,0.184435,0.999536
INDEL,867.6,0.184168,0.999536
INDEL,868.6,0.183902,0.999535
INDEL,870.03,0.183458,0.999534
INDEL,870.6,0.183191,0.999533
INDEL,871.6,0.182569,0.999532
INDEL,872.6,0.181947,0.99953
INDEL,873.6,0.181681,0.999529
INDEL,875.03,0.181326,0.999528
INDEL,875.6,0.18097,0.999528
INDEL,876.6,0.180437,0.999526
INDEL,877.6,0.179815,0.999524
INDEL,878.6,0.179282,0.999523
INDEL,880.01,0.179104,0.999522
INDEL,880.6,0.178838,0.999522
INDEL,881.6,0.178038,0.999519
INDEL,883.03,0.177683,0.999519
INDEL,883.6,0.177416,0.999518
INDEL,885.03,0.176972,0.999517
INDEL,885.6,0.176617,0.999516
INDEL,886.6,0.174929,0.999511
INDEL,887.6,0.173863,0.999508
INDEL,888.6,0.173685,0.999508
INDEL,889.6,0.173507,0.999508
INDEL,891.6,0.17333,0.999507
INDEL,892.6,0.173063,0.999506
INDEL,893.6,0.17253,0.999505
INDEL,894.6,0.172353,0.999503
INDEL,895.6,0.172086,0.999503
INDEL,896.6,0.171642,0.999502
INDEL,897.6,0.171286,0.9995
INDEL,898.6,0.170753,0.999499
INDEL,899.6,0.170487,0.999498
INDEL,901.03,0.170131,0.999497
INDEL,901.6,0.169598,0.999495
INDEL,903.02,0.169065,0.999494
INDEL,903.6,0.168799,0.999493
INDEL,904.6,0.168443,0.999492
INDEL,906.02,0.16791,0.99949
INDEL,906.6,0.167733,0.99949
INDEL,907.6,0.167289,0.999488
INDEL,908.6,0.167111,0.999488
INDEL,909.6,0.1664,0.999486
INDEL,910.6,0.165867,0.999484
INDEL,911.6,0.165156,0.999482
INDEL,912.6,0.164712,0.999481
INDEL,913.6,0.163824,0.999478
INDEL,914.6,0.16338,0.999476
INDEL,915.6,0.162669,0.999474
INDEL,916.6,0.161692,0.999471
INDEL,917.98,0.160981,0.999469
INDEL,918.6,0.160625,0.999468
INDEL,919.6,0.160004,0.999466
INDEL,920.6,0.159559,0.999464
INDEL,921.6,0.158849,0.999462
INDEL,922.6,0.158404,0.99946
INDEL,924.02,0.157605,0.999458
INDEL,924.6,0.157161,0.999456
INDEL,925.6,0.156983,0.999455
INDEL,926.6,0.156716,0.999454
INDEL,927.6,0.156361,0.999454
INDEL,928.6,0.156095,0.999452
INDEL,930.02,0.155828,0.999451
INDEL,931.02,0.155117,0.999448
INDEL,932.02,0.153252,0.999442
INDEL,932.6,0.152719,0.99944
INDEL,934.02,0.152363,0.999439
INDEL,934.6,0.152274,0.999438
INDEL,935.6,0.151919,0.999437
INDEL,936.6,0.15183,0.999437
INDEL,938.03,0.151564,0.999436
INDEL,938.6,0.151564,0.999436
INDEL,939.6,0.151475,0.999434
INDEL,940.6,0.151297,0.999434
INDEL,941.6,0.150853,0.999432
INDEL,942.6,0.150675,0.999431
INDEL,943.6,0.150675,0.999431
INDEL,945.03,0.150586,0.999431
INDEL,945.6,0.150142,0.99943
INDEL,947.01,0.149876,0.999429
INDEL,947.6,0.14952,0.999427
INDEL,949.03,0.148987,0.999425
INDEL,949.6,0.148632,0.999424
INDEL,951.02,0.147921,0.999422
INDEL,951.6,0.147743,0.99942
INDEL,952.6,0.147566,0.999419
INDEL,953.6,0.14721,0.999418
INDEL,955.03,0.146944,0.999417
INDEL,955.6,0.146322,0.999415
INDEL,956.6,0.145434,0.999411
INDEL,957.6,0.144812,0.999408
INDEL,958.6,0.144634,0.999407
INDEL,959.6,0.144012,0.999405
INDEL,961.02,0.143834,0.999404
INDEL,961.6,0.143746,0.999404
INDEL,962.6,0.142946,0.9994
INDEL,964.02,0.142235,0.999397
INDEL,964.6,0.141702,0.999395
INDEL,965.6,0.141525,0.999394
INDEL,967.02,0.141347,0.999393
INDEL,968.03,0.140991,0.999391
INDEL,969.03,0.140814,0.999391
INDEL,969.6,0.140725,0.99939
INDEL,971.02,0.14037,0.999389
INDEL,971.6,0.139925,0.999387
INDEL,974.03,0.139659,0.999385
INDEL,975.02,0.139215,0.999383
INDEL,975.6,0.138859,0.999381
INDEL,976.6,0.136549,0.99937
INDEL,978.03,0.136105,0.999368
INDEL,978.6,0.135928,0.999368
INDEL,979.6,0.135661,0.999367
INDEL,980.6,0.135572,0.999366
INDEL,981.6,0.135217,0.999365
INDEL,982.6,0.134861,0.999363
INDEL,983.6,0.134506,0.999361
INDEL,985.02,0.134151,0.999359
INDEL,986.03,0.133618,0.999356
INDEL,986.6,0.133351,0.999355
INDEL,987.6,0.132996,0.999353
INDEL,988.6,0.132729,0.999352
INDEL,990.02,0.13264,0.999351
INDEL,991.02,0.132463,0.99935
INDEL,992.03,0.132285,0.999349
INDEL,993.02,0.132018,0.999347
INDEL,993.6,0.131485,0.999345
INDEL,994.6,0.131041,0.999343
INDEL,996.02,0.130508,0.99934
INDEL,996.6,0.129886,0.999337
INDEL,998.03,0.129353,0.999335
INDEL,999.02,0.129264,0.999334
INDEL,1000.02,0.128998,0.999332
INDEL,1000.6,0.128909,0.99933
INDEL,1002.02,0.128554,0.999328
INDEL,1003.03,0.128109,0.999327
INDEL,1003.6,0.127754,0.999324
INDEL,1004.6,0.127221,0.999322
INDEL,1005.6,0.127043,0.999321
INDEL,1007.02,0.126688,0.999318
INDEL,1007.6,0.126155,0.999316
INDEL,1008.6,0.125533,0.999312
INDEL,1009.6,0.124911,0.999308
INDEL,1011.03,0.124467,0.999305
INDEL,1011.6,0.124378,0.999305
INDEL,1013.03,0.124023,0.999304
INDEL,1013.6,0.123756,0.999302
INDEL,1014.6,0.123401,0.999299
INDEL,1016.03,0.122957,0.999296
INDEL,1017.02,0.122424,0.999293
INDEL,1017.6,0.122068,0.999292
INDEL,1019.02,0.121802,0.999289
INDEL,1020.03,0.121357,0.999287
INDEL,1020.6,0.121091,0.999285
INDEL,1022.02,0.118959,0.999272
INDEL,1022.6,0.118426,0.999269
INDEL,1024.02,0.11807,0.999267
INDEL,1025.02,0.117893,0.999266
INDEL,1025.6,0.11736,0.999263
INDEL,1026.6,0.117271,0.999262
INDEL,1028.03,0.117004,0.999261
INDEL,1029.02,0.117004,0.99926
INDEL,1030.03,0.116649,0.999257
INDEL,1030.6,0.116471,0.999257
INDEL,1032.03,0.116382,0.999255
INDEL,1033.03,0.116116,0.999255
INDEL,1034.02,0.115938,0.999253
INDEL,1034.6,0.115494,0.99925
INDEL,1036.02,0.114694,0.999245
INDEL,1037.03,0.114428,0.999243
INDEL,1037.6,0.11425,0.999241
INDEL,1039.6,0.113984,0.99924
INDEL,1040.6,0.113628,0.999237
INDEL,1042.02,0.113539,0.999236
INDEL,1043.6,0.113362,0.999235
INDEL,1045.02,0.112918,0.999232
INDEL,1045.6,0.112829,0.999231
INDEL,1047.03,0.112385,0.999228
INDEL,1047.6,0.112385,0.999228
INDEL,1049.6,0.112207,0.999225
INDEL,1050.6,0.112029,0.999224
INDEL,1051.6,0.111674,0.999222
INDEL,1053.03,0.110874,0.999217
INDEL,1053.6,0.110697,0.999215
INDEL,1054.6,0.109897,0.999209
INDEL,1055.6,0.109719,0.999208
INDEL,1056.6,0.108831,0.999201
INDEL,1058.03,0.10812,0.999197
INDEL,1058.6,0.10812,0.999197
INDEL,1059.6,0.10812,0.999197
INDEL,1060.6,0.107676,0.999194
INDEL,1062.02,0.107409,0.999192
INDEL,1062.6,0.107321,0.99919
INDEL,1063.6,0.107321,0.99919
INDEL,1064.6,0.107232,0.99919
INDEL,1066.03,0.106965,0.999187
INDEL,1067.03,0.105633,0.999178
INDEL,1068.02,0.1051,0.999173
INDEL,1068.6,0.104655,0.999169
INDEL,1069.6,0.104478,0.999168
INDEL,1070.6,0.104478,0.999168
INDEL,1071.6,0.104033,0.999165
INDEL,1073.02,0.103945,0.999163
INDEL,1074.03,0.103589,0.999161
INDEL,1075.03,0.1035,0.999159
INDEL,1075.6,0.103412,0.999159
INDEL,1076.6,0.103145,0.999157
INDEL,1078.03,0.102612,0.99915
INDEL,1079.03,0.102612,0.999148
INDEL,1080.03,0.102345,0.999146
INDEL,1080.6,0.102257,0.999146
INDEL,1082.03,0.10199,0.999145
INDEL,1083.03,0.101901,0.999144
INDEL,1084.02,0.101812,0.999142
INDEL,1085.03,0.101635,0.999142
INDEL,1085.81,0.101546,1
INDEL,1086.6,0.101279,1
INDEL,1088.03,0.100924,1
INDEL,1090.03,0.100746,1
INDEL,1091.02,0.100746,1
INDEL,1092.03,0.100569,1
INDEL,1093.02,0.100569,1
INDEL,1094.03,0.10048,1
INDEL,1095.03,0.100391,1
INDEL,1096.03,0.100302,1
INDEL,1096.6,0.100036,1
INDEL,1098.02,0.099858,1
INDEL,1099.03,0.099325,1
INDEL,1100.03,0.098525,1
INDEL,1101.03,0.097726,1
INDEL,1102.02,0.097281,1
INDEL,1103.02,0.096748,1
INDEL,1103.6,0.096304,1
INDEL,1105.03,0.096038,1
INDEL,1106.03,0.09586,1
INDEL,1107.03,0.095682,1
INDEL,1107.6,0.095682,1
INDEL,1109.03,0.095327,1
INDEL,1110.03,0.094972,1
INDEL,1111.02,0.094261,1
INDEL,1112.03,0.092839,1
INDEL,1113.03,0.092217,1
INDEL,1114.03,0.09204,1
INDEL,1115.03,0.091684,1
INDEL,1116.03,0.091507,1
INDEL,1117.03,0.091329,1
INDEL,1117.6,0.091063,1
INDEL,1118.6,0.090707,1
INDEL,1119.6,0.090441,1
INDEL,1120.6,0.089996,1
INDEL,1122.03,0.089819,1
INDEL,1123.02,0.089641,1
INDEL,1123.6,0.089375,1
INDEL,1124.6,0.089375,1
INDEL,1125.6,0.089286,1
INDEL,1127.03,0.089197,1
INDEL,1128.03,0.089197,1
INDEL,1128.6,0.08893,1
INDEL,1130.02,0.088575,1
INDEL,1130.6,0.088575,1
INDEL,1131.6,0.088397,1
INDEL,1133.02,0.088131,1
INDEL,1134.03,0.087864,1
INDEL,1135.03,0.087687,1
INDEL,1136.03,0.087598,1
INDEL,1137.03,0.087509,1
INDEL,1138.03,0.087154,1
INDEL,1138.6,0.087065,1
INDEL,1139.6,0.086887,1
INDEL,1141.03,0.08662,1
INDEL,1142.01,0.086532,1
INDEL,1143.03,0.086354,1
INDEL,1144.02,0.085821,1
INDEL,1144.6,0.085554,1
INDEL,1146.03,0.084844,1
INDEL,1147.03,0.084222,1
INDEL,1147.6,0.083778,1
INDEL,1149.03,0.083156,1
INDEL,1150.02,0.083067,1
INDEL,1151.03,0.082978,1
INDEL,1153.03,0.082889,1
INDEL,1153.6,0.082711,1
INDEL,1155.03,0.082534,1
INDEL,1155.6,0.082267,1
INDEL,1157.02,0.079957,1
INDEL,1158.6,0.079513,1
INDEL,1159.6,0.079158,1
INDEL,1160.6,0.078891,1
INDEL,1161.48,0.078802,1
INDEL,1162.03,0.078714,1
INDEL,1163.02,0.078269,1
INDEL,1164.03,0.077736,1
INDEL,1164.6,0.077647,1
INDEL,1167.02,0.077559,1
INDEL,1167.6,0.07747,1
INDEL,1170.03,0.077381,1
INDEL,1170.6,0.077292,1
INDEL,1171.6,0.077203,1
INDEL,1172.6,0.077026,1
INDEL,1174.03,0.076848,1
INDEL,1175.03,0.076759,1
INDEL,1175.6,0.076493,1
INDEL,1176.6,0.076493,1
INDEL,1177.6,0.076137,1
INDEL,1179.02,0.075959,1
INDEL,1180.03,0.075693,1
INDEL,1180.6,0.075604,1
INDEL,1182.03,0.075515,1
INDEL,1182.6,0.075426,1
INDEL,1184.03,0.074982,1
INDEL,1185.03,0.074893,1
INDEL,1185.6,0.074627,1
INDEL,1187.03,0.074005,1
INDEL,1187.6,0.073827,1
INDEL,1189.02,0.073561,1
INDEL,1189.6,0.073294,1
INDEL,1190.6,0.07285,1
INDEL,1191.6,0.072495,1
INDEL,1192.6,0.072495,1
INDEL,1194.02,0.072139,1
INDEL,1194.6,0.071606,1
INDEL,1196.03,0.071606,1
INDEL,1196.6,0.07134,1
INDEL,1198.03,0.071251,1
INDEL,1199.03,0.071162,1
INDEL,1200.03,0.070629,1
INDEL,1200.6,0.069918,1
INDEL,1202.03,0.068319,1
INDEL,1203.02,0.068141,1
INDEL,1203.6,0.068141,1
INDEL,1204.6,0.068141,1
INDEL,1206.03,0.068141,1
INDEL,1207.03,0.068053,1
INDEL,1208.02,0.067786,1
INDEL,1209.03,0.067697,1
INDEL,1211.02,0.06752,1
INDEL,1212.03,0.06752,1
INDEL,1213.03,0.067431,1
INDEL,1214.03,0.067253,1
INDEL,1215.03,0.067164,1
INDEL,1216.03,0.067164,1
INDEL,1217.02,0.066986,1
INDEL,1218.03,0.066809,1
INDEL,1219.03,0.06672,1
INDEL,1219.6,0.066542,1
INDEL,1221.03,0.066453,1
INDEL,1221.6,0.066365,1
INDEL,1222.6,0.066187,1
INDEL,1224.03,0.065832,1
INDEL,1224.6,0.065565,1
INDEL,1226.03,0.065299,1
INDEL,1227.03,0.065032,1
INDEL,1228.03,0.064943,1
INDEL,1229.03,0.064677,1
INDEL,1230.03,0.064588,1
INDEL,1231.03,0.064588,1
INDEL,1232.02,0.064144,1
INDEL,1233.03,0.063788,1
INDEL,1234.03,0.063522,1
INDEL,1235.03,0.062989,1
INDEL,1236.03,0.062456,1
INDEL,1237.03,0.062278,1
INDEL,1238.03,0.062189,1
INDEL,1239.02,0.061923,1
INDEL,1239.6,0.061656,1
INDEL,1240.6,0.061478,1
INDEL,1242.03,0.061301,1
INDEL,1243.02,0.061212,1
INDEL,1243.6,0.061123,1
INDEL,1245.6,0.060856,1
INDEL,1247.03,0.05979,1
INDEL,1247.6,0.059613,1
INDEL,1249.02,0.059524,1
INDEL,1250.02,0.059257,1
INDEL,1251.03,0.059257,1
INDEL,1251.6,0.059168,1
INDEL,1253.02,0.058991,1
INDEL,1254.03,0.058813,1
INDEL,1255.03,0.058724,1
INDEL,1256.03,0.058635,1
INDEL,1257.03,0.058458,1
INDEL,1258.03,0.058369,1
INDEL,1259.03,0.058102,1
INDEL,1260.03,0.057747,1
INDEL,1261.03,0.05748,1
INDEL,1263.02,0.057303,1
INDEL,1263.6,0.056947,1
INDEL,1265.03,0.056859,1
INDEL,1266.02,0.056592,1
INDEL,1267.03,0.056414,1
INDEL,1268.02,0.056237,1
INDEL,1269.02,0.056148,1
INDEL,1269.6,0.05597,1
INDEL,1271.03,0.055615,1
INDEL,1272.03,0.055437,1
INDEL,1272.6,0.055437,1
INDEL,1274.03,0.055348,1
INDEL,1275.02,0.055082,1
INDEL,1276.03,0.055082,1
INDEL,1276.6,0.054993,1
INDEL,1278.03,0.054815,1
INDEL,1278.6,0.054549,1
INDEL,1280.03,0.054371,1
INDEL,1281.02,0.054104,1
INDEL,1282.02,0.053749,1
INDEL,1283.02,0.053749,1
INDEL,1283.6,0.053394,1
INDEL,1284.6,0.053305,1
INDEL,1286.03,0.05295,1
INDEL,1286.6,0.052772,1
INDEL,1287.6,0.052683,1
INDEL,1289.03,0.052505,1
INDEL,1289.6,0.052328,1
INDEL,1290.6,0.051883,1
INDEL,1291.6,0.050284,1
INDEL,1293.03,0.050284,1
INDEL,1294.03,0.050107,1
INDEL,1294.6,0.050107,1
INDEL,1297.03,0.050018,1
INDEL,1298.03,0.049574,1
INDEL,1299.03,0.049396,1
INDEL,1299.6,0.049307,1
INDEL,1301.03,0.048952,1
INDEL,1301.6,0.048952,1
INDEL,1303.03,0.048952,1
INDEL,1304.03,0.048685,1
INDEL,1305.03,0.048507,1
INDEL,1305.6,0.048507,1
INDEL,1306.6,0.048507,1
INDEL,1308.03,0.048241,1
INDEL,1308.6,0.048152,1
INDEL,1310.02,0.048063,1
INDEL,1311.03,0.047974,1
INDEL,1313.03,0.047797,1
INDEL,1314.03,0.047619,1
INDEL,1314.6,0.047441,1
INDEL,1316.03,0.047086,1
INDEL,1318.03,0.046731,1
INDEL,1319.03,0.046464,1
INDEL,1320.03,0.046286,1
INDEL,1320.6,0.046198,1
INDEL,1321.6,0.045842,1
INDEL,1322.6,0.045665,1
INDEL,1323.6,0.045487,1
INDEL,1325.03,0.04522,1
INDEL,1326.02,0.045131,1
INDEL,1327.03,0.044776,1
INDEL,1328.03,0.04451,1
INDEL,1329.03,0.044421,1
INDEL,1330.03,0.044154,1
INDEL,1331.03,0.043977,1
INDEL,1332.03,0.043888,1
INDEL,1333.03,0.043621,1
INDEL,1335.03,0.043443,1
INDEL,1335.6,0.043443,1
INDEL,1336.6,0.0422,1
INDEL,1337.6,0.042111,1
INDEL,1342.03,0.042111,1
INDEL,1342.6,0.042111,1
INDEL,1344.6,0.041756,1
INDEL,1346.02,0.041756,1
INDEL,1348.03,0.041667,1
INDEL,1349.03,0.041578,1
INDEL,1349.6,0.041578,1
INDEL,1351.03,0.041489,1
INDEL,1352.03,0.041489,1
INDEL,1353.03,0.0414,1
INDEL,1355.03,0.041134,1
INDEL,1355.6,0.040867,1
INDEL,1357.03,0.040778,1
INDEL,1358.01,0.040778,1
INDEL,1359.03,0.040512,1
INDEL,1360.03,0.040334,1
INDEL,1360.6,0.040068,1
INDEL,1363.02,0.039712,1
INDEL,1364.03,0.039623,1
INDEL,1365.03,0.039357,1
INDEL,1366.03,0.039268,1
INDEL,1367.03,0.039179,1
INDEL,1368.03,0.03909,1
INDEL,1369.03,0.038913,1
INDEL,1370.03,0.038468,1
INDEL,1370.6,0.038291,1
INDEL,1372.02,0.038291,1
INDEL,1373.03,0.038202,1
INDEL,1374.02,0.038024,1
INDEL,1374.6,0.037935,1
INDEL,1376.03,0.037758,1
INDEL,1376.6,0.037669,1
INDEL,1377.6,0.037669,1
INDEL,1379.02,0.037669,1
INDEL,1380.03,0.03758,1
INDEL,1381.03,0.037491,1
INDEL,1381.6,0.036514,1
INDEL,1383.6,0.036425,1
INDEL,1386.02,0.036425,1
INDEL,1388.03,0.036336,1
INDEL,1388.6,0.036158,1
INDEL,1390.03,0.03607,1
INDEL,1391.03,0.035981,1
INDEL,1393.03,0.035981,1
INDEL,1393.6,0.035981,1
INDEL,1395.03,0.035892,1
INDEL,1396.03,0.035892,1
INDEL,1396.6,0.035803,1
INDEL,1398.03,0.035714,1
INDEL,1399.03,0.035714,1
INDEL,1400.03,0.035625,1
INDEL,1401.02,0.035448,1
INDEL,1403.03,0.035181,1
INDEL,1404.03,0.035004,1
INDEL,1405.03,0.034915,1
INDEL,1405.6,0.034826,1
INDEL,1407.03,0.034648,1
INDEL,1408.02,0.034559,1
INDEL,1408.6,0.034559,1
INDEL,1410.03,0.034559,1
INDEL,1411.03,0.034293,1
INDEL,1412.03,0.034293,1
INDEL,1412.6,0.034026,1
INDEL,1414.03,0.033849,1
INDEL,1415.03,0.033493,1
INDEL,1416.03,0.033316,1
INDEL,1416.6,0.033138,1
INDEL,1417.6,0.03296,1
INDEL,1418.6,0.03296,1
INDEL,1420.6,0.03296,1
INDEL,1422.03,0.032694,1
INDEL,1422.6,0.032605,1
INDEL,1423.6,0.032605,1
INDEL,1425.01,0.032516,1
INDEL,1426.03,0.032338,1
INDEL,1427.03,0.030917,1
INDEL,1428.02,0.03065,1
INDEL,1428.6,0.03065,1
INDEL,1431.02,0.030561,1
INDEL,1431.6,0.030384,1
INDEL,1433.03,0.030295,1
INDEL,1434.03,0.030117,1
INDEL,1435.03,0.029851,1
INDEL,1436.03,0.029673,1
INDEL,1437.03,0.029495,1
INDEL,1437.6,0.029495,1
INDEL,1439.03,0.029318,1
INDEL,1441.03,0.029229,1
INDEL,1442.03,0.02914,1
INDEL,1443.03,0.028962,1
INDEL,1443.6,0.028785,1
INDEL,1445.03,0.028785,1
INDEL,1446.03,0.028696,1
INDEL,1447.03,0.028429,1
INDEL,1448.02,0.028429,1
INDEL,1449.03,0.02834,1
INDEL,1450.03,0.028163,1
INDEL,1452.03,0.027985,1
INDEL,1454.45,0.027985,1
INDEL,1455.03,0.027896,1
INDEL,1456.03,0.027719,1
INDEL,1457.03,0.027452,1
INDEL,1458.02,0.027363,1
INDEL,1459.03,0.026919,1
INDEL,1460.03,0.026652,1
INDEL,1462.03,0.026386,1
INDEL,1464.03,0.026297,1
INDEL,1466.03,0.026297,1
INDEL,1466.6,0.026208,1
INDEL,1468.02,0.026208,1
INDEL,1468.6,0.026031,1
INDEL,1470.03,0.025942,1
INDEL,1471.03,0.025675,1
INDEL,1471.6,0.024876,1
INDEL,1473.03,0.024876,1
INDEL,1474.03,0.024787,1
INDEL,1476.03,0.024698,1
INDEL,1477.03,0.024698,1
INDEL,1478.03,0.02452,1
INDEL,1478.6,0.02452,1
INDEL,1480.03,0.024431,1
INDEL,1481.03,0.024343,1
INDEL,1482.03,0.024254,1
INDEL,1482.6,0.024076,1
INDEL,1485.03,0.024076,1
INDEL,1486.03,0.023987,1
INDEL,1489.03,0.02381,1
INDEL,1492.03,0.023632,1
INDEL,1493.02,0.023543,1
INDEL,1494.03,0.023543,1
INDEL,1494.6,0.023454,1
INDEL,1496.03,0.023276,1
INDEL,1498.03,0.023276,1
INDEL,1498.6,0.023099,1
INDEL,1502.03,0.02301,1
INDEL,1502.6,0.02301,1
INDEL,1504.03,0.022832,1
INDEL,1505.03,0.022566,1
INDEL,1507.03,0.022477,1
INDEL,1507.6,0.022388,1
INDEL,1509.03,0.02221,1
INDEL,1510.6,0.02221,1
INDEL,1512.03,0.02221,1
INDEL,1512.6,0.022122,1
INDEL,1515.03,0.022122,1
INDEL,1516.01,0.021944,1
INDEL,1517.03,0.021144,1
INDEL,1520.03,0.020967,1
INDEL,1521.02,0.020878,1
INDEL,1522.02,0.020878,1
INDEL,1526.02,0.020789,1
INDEL,1527.03,0.0207,1
INDEL,1529.03,0.0207,1
INDEL,1530.03,0.020611,1
INDEL,1532.03,0.020611,1
INDEL,1533.6,0.020522,1
INDEL,1536.03,0.020434,1
INDEL,1537.03,0.020345,1
INDEL,1539.03,0.020256,1
INDEL,1540.03,0.020256,1
INDEL,1541.03,0.020167,1
INDEL,1543.03,0.0199,1
INDEL,1544.03,0.0199,1
INDEL,1545.03,0.019723,1
INDEL,1546.03,0.019723,1
INDEL,1547.03,0.019634,1
INDEL,1548.6,0.019545,1
INDEL,1549.6,0.01919,1
INDEL,1551.03,0.018923,1
INDEL,1552.03,0.018923,1
INDEL,1554.03,0.018657,1
INDEL,1555.03,0.01839,1
INDEL,1556.6,0.018301,1
INDEL,1558.03,0.018124,1
INDEL,1560.03,0.018035,1
INDEL,1561.03,0.017946,1
INDEL,1565.6,0.017058,1
INDEL,1567.03,0.017058,1
INDEL,1568.03,0.016969,1
INDEL,1568.6,0.01688,1
INDEL,1572.03,0.016791,1
INDEL,1572.6,0.016791,1
INDEL,1574.6,0.016702,1
INDEL,1580.03,0.016702,1
INDEL,1581.6,0.016436,1
INDEL,1583.03,0.016347,1
INDEL,1584.03,0.016258,1
INDEL,1584.6,0.01608,1
INDEL,1586.03,0.015991,1
INDEL,1588.03,0.015991,1
INDEL,1591.6,0.015814,1
INDEL,1593.03,0.015725,1
INDEL,1594.03,0.015547,1
INDEL,1595.03,0.015458,1
INDEL,1596.03,0.015281,1
INDEL,1596.6,0.015103,1
INDEL,1599.6,0.014925,1
INDEL,1601.03,0.014837,1
INDEL,1603.03,0.014837,1
INDEL,1604.03,0.014659,1
INDEL,1605.03,0.014659,1
INDEL,1606.03,0.01457,1
INDEL,1607.03,0.014126,1
INDEL,1608.02,0.014126,1
INDEL,1609.03,0.014126,1
INDEL,1611.6,0.014037,1
INDEL,1616.03,0.014037,1
INDEL,1617.03,0.013948,1
INDEL,1618.03,0.013948,1
INDEL,1620.03,0.013859,1
INDEL,1620.6,0.01377,1
INDEL,1622.03,0.013682,1
INDEL,1625.03,0.013593,1
INDEL,1626.03,0.013504,1
INDEL,1627.03,0.013237,1
INDEL,1628.03,0.013149,1
INDEL,1629.03,0.013149,1
INDEL,1631.03,0.012971,1
INDEL,1633.6,0.012793,1
INDEL,1634.6,0.012704,1
INDEL,1636.03,0.012438,1
INDEL,1637.03,0.012438,1
INDEL,1638.03,0.01226,1
INDEL,1639.03,0.012171,1
INDEL,1640.03,0.011994,1
INDEL,1642.03,0.011905,1
INDEL,1643.02,0.011905,1
INDEL,1646.03,0.011905,1
INDEL,1647.03,0.011727,1
INDEL,1647.6,0.011727,1
INDEL,1649.03,0.011638,1
INDEL,1649.6,0.011638,1
INDEL,1651.03,0.011549,1
INDEL,1653.6,0.011194,1
INDEL,1658.03,0.011105,1
INDEL,1662.03,0.011105,1
INDEL,1663.03,0.011016,1
INDEL,1665.03,0.011016,1
INDEL,1666.03,0.01075,1
INDEL,1669.02,0.01075,1
INDEL,1671.03,0.01075,1
INDEL,1672.03,0.010661,1
INDEL,1673.03,0.010572,1
INDEL,1673.6,0.010483,1
INDEL,1674.6,0.010394,1
INDEL,1676.03,0.010217,1
INDEL,1676.6,0.010217,1
INDEL,1679.03,0.010128,1
INDEL,1680.03,0.010128,1
INDEL,1681.03,0.010039,1
INDEL,1681.6,0.009861,1
INDEL,1684.03,0.009684,1
INDEL,1685.03,0.009684,1
INDEL,1686.03,0.009506,1
INDEL,1687.03,0.00924,1
INDEL,1689.03,0.009151,1
INDEL,1690.6,0.009151,1
INDEL,1691.6,0.009151,1
INDEL,1696.03,0.009062,1
INDEL,1697.02,0.008795,1
INDEL,1699.6,0.008795,1
INDEL,1704.03,0.008795,1
INDEL,1707.03,0.008618,1
INDEL,1710.03,0.008618,1
INDEL,1710.6,0.008618,1
INDEL,1712.6,0.008618,1
INDEL,1713.6,0.008618,1
INDEL,1715.03,0.008529,1
INDEL,1716.6,0.008529,1
INDEL,1718.03,0.008351,1
INDEL,1721.03,0.008351,1
INDEL,1722.03,0.008173,1
INDEL,1727.03,0.007996,1
INDEL,1727.6,0.007996,1
INDEL,1729.6,0.007818,1
INDEL,1732.03,0.007552,1
INDEL,1732.6,0.007463,1
INDEL,1734.03,0.007374,1
INDEL,1735.03,0.007285,1
INDEL,1736.02,0.007285,1
INDEL,1736.6,0.007285,1
INDEL,1739.02,0.007196,1
INDEL,1741.03,0.007196,1
INDEL,1742.03,0.006574,1
INDEL,1743.03,0.006574,1
INDEL,1749.6,0.006219,1
INDEL,1750.6,0.006219,1
INDEL,1752.03,0.00613,1
INDEL,1759.03,0.006041,1
INDEL,1761.03,0.005864,1
INDEL,1763.6,0.005686,1
INDEL,1768.6,0.005597,1
INDEL,1770.03,0.005508,1
INDEL,1772.02,0.005419,1
INDEL,1773.03,0.005419,1
INDEL,1774.03,0.005153,1
INDEL,1775.03,0.005153,1
INDEL,1777.03,0.004975,1
INDEL,1781.03,0.004797,1
INDEL,1784.03,0.004709,1
INDEL,1784.6,0.004709,1
INDEL,1786.03,0.00462,1
INDEL,1794.6,0.004176,1
INDEL,1798.02,0.004176,1
INDEL,1798.6,0.004176,1
INDEL,1800.03,0.004087,1
INDEL,1802.03,0.004087,1
INDEL,1803.6,0.003998,1
INDEL,1806.03,0.003998,1
INDEL,1809.02,0.003909,1
INDEL,1814.03,0.003909,1
INDEL,1819.03,0.003731,1
INDEL,1820.03,0.003731,1
INDEL,1823.6,0.003643,1
INDEL,1826.6,0.003643,1
INDEL,1831.03,0.003643,1
INDEL,1831.6,0.003465,1
INDEL,1833.6,0.003465,1
INDEL,1835.6,0.003376,1
INDEL,1840.6,0.003376,1
INDEL,1845.03,0.003287,1
INDEL,1847.6,0.003287,1
INDEL,1848.6,0.003287,1
INDEL,1851.03,0.003198,1
INDEL,1855.6,0.003198,1
INDEL,1862.03,0.003109,1
INDEL,1864.03,0.003021,1
INDEL,1865.03,0.003021,1
INDEL,1873.6,0.002932,1
INDEL,1875.03,0.002932,1
INDEL,1876.03,0.002754,1
INDEL,1882.6,0.002399,1
INDEL,1884.02,0.002399,1
INDEL,1885.03,0.002399,1
INDEL,1895.6,0.00231,1
INDEL,1900.03,0.002221,1
INDEL,1903.03,0.002221,1
INDEL,1904.6,0.002132,1
INDEL,1910.03,0.002132,1
INDEL,1919.03,0.002043,1
INDEL,1921.03,0.001955,1
INDEL,1926.6,0.001866,1
INDEL,1935.03,0.001866,1
INDEL,1939.02,0.001777,1
INDEL,1943.6,0.001777,1
INDEL,1947.6,0.001777,1
INDEL,1950.03,0.001688,1
INDEL,1954.03,0.001599,1
INDEL,1957.03,0.00151,1
INDEL,1959.6,0.00151,1
INDEL,1966.03,0.00151,1
INDEL,1966.6,0.001421,1
INDEL,1975.02,0.001421,1
INDEL,1975.6,0.001421,1
INDEL,1978.6,0.001421,1
INDEL,1981.02,0.001421,1
INDEL,1986.03,0.001421,1
INDEL,1990.03,0.001333,1
INDEL,1994.03,0.001244,1
INDEL,1996.03,0.001244,1
INDEL,2000.03,0.001066,1
INDEL,2001.6,0.001066,1
INDEL,2005.6,0.001066,1
INDEL,2021.6,0.001066,1
INDEL,2025.02,0.001066,1
INDEL,2029.6,0.001066,1
INDEL,2032.03,0.001066,1
INDEL,2032.6,0.000977,1
INDEL,2036.02,0.000977,1
INDEL,2036.6,0.000977,1
INDEL,2038.6,0.000977,1
INDEL,2043.6,0.000977,1
INDEL,2047.03,0.000888,1
INDEL,2063.02,0.000888,1
INDEL,2065.03,0.000888,1
INDEL,2076.03,0.000711,1
INDEL,2077.6,0.000711,1
INDEL,2080.03,0.000711,1
INDEL,2083.6,0.000622,1
INDEL,2084.6,0.000622,1
INDEL,2088.03,0.000622,1
INDEL,2089.6,0.000622,1
INDEL,2091.6,0.000533,1
INDEL,2101.03,0.000444,1
INDEL,2124.6,0.000355,1
INDEL,2132.03,0.000355,1
INDEL,2135.6,0.000355,1
INDEL,2150.02,0.000355,1
INDEL,2152.6,0.000355,1
INDEL,2161.6,0.000355,1
INDEL,2166.6,0.000355,1
INDEL,2172.6,0.000355,1
INDEL,2177.03,0.000355,1
INDEL,2185.6,0.000267,1
INDEL,2190.03,0.000178,1
INDEL,2191.03,0.000178,1
INDEL,2193.6,0.000178,1
INDEL,2203.6,0.000178,1
INDEL,2207,0.000178,1
INDEL,2242.03,0.000178,1
INDEL,2243.6,8.9e-05,1
INDEL,2253.6,8.9e-05,1
INDEL,2259.6,8.9e-05,1
INDEL,2263.6,8.9e-05,1
INDEL,2266.6,8.9e-05,1
INDEL,2269.03,0,1
INDEL,25702.6,0,0
